DO $$ 
DECLARE 
    r RECORD;
BEGIN 
    FOR r IN (SELECT tablename FROM pg_tables WHERE schemaname = 'public') LOOP 
        EXECUTE 'DROP TABLE IF EXISTS ' || quote_ident(r.tablename) || ' CASCADE';
    END LOOP; 
END $$;
-------------------------------------------

CREATE EXTENSION IF NOT EXISTS "uuid-ossp";

CREATE TABLE Users (
    UserId UUID PRIMARY KEY DEFAULT uuid_generate_v4(),
    FullName TEXT,
    Email TEXT UNIQUE,
    EmailConfirmed BOOLEAN DEFAULT FALSE,
    Password TEXT NOT NULL,
    Status TEXT,
    Role TEXT,
    Avatar TEXT,
    Dob DATE,
    Gender TEXT,
    PhoneNumber TEXT UNIQUE,
	RewardPoints INT NOT NULL DEFAULT 0,
    DateCreated TIMESTAMP WITH TIME ZONE DEFAULT NOW(),
    DateModified TIMESTAMP WITH TIME ZONE,
    RefreshToken TEXT,
    RefreshTokenExpiryTime TIMESTAMP WITH TIME ZONE
);

CREATE TABLE Addresses (
    AddressId UUID PRIMARY KEY DEFAULT uuid_generate_v4(),
    UserId UUID NOT NULL REFERENCES Users(UserId),
	AddressLabel TEXT,
    ContactName TEXT,
	ContactPhone TEXT,
    DetailAddress TEXT,
	Description TEXT,
	Latitude DECIMAL(9,6),
	Longitude DECIMAL(9,6),
    DateCreated TIMESTAMP WITH TIME ZONE DEFAULT NOW(),
    DateModified TIMESTAMP WITH TIME ZONE
);

CREATE TABLE Notifications (
    NotificationId UUID PRIMARY KEY DEFAULT uuid_generate_v4(),
    UserId UUID NOT NULL REFERENCES Users(UserId),
    Title TEXT NOT NULL,
    Message TEXT NOT NULL,
    NotificationType TEXT,
    IsRead BOOLEAN DEFAULT FALSE,
	CustomerId UUID,
	OrderId TEXT,
    CreatedAt TIMESTAMP WITH TIME ZONE DEFAULT NOW(),
    IsPushEnabled BOOLEAN
);

CREATE TABLE Conversation (
    ConversationID UUID PRIMARY KEY DEFAULT uuid_generate_v4(),
    UserOne UUID NOT NULL REFERENCES Users(UserId),
    UserTwo UUID NOT NULL REFERENCES Users(UserId),
    CreationDate TIMESTAMP WITH TIME ZONE DEFAULT NOW(),
    Status TEXT --CHECK (Status IN ('active', 'archived', 'deleted'))
);

CREATE TABLE Message (
    MessageID UUID PRIMARY KEY DEFAULT uuid_generate_v4(),
    ConversationID UUID NOT NULL REFERENCES Conversation(ConversationID),
    UserID UUID NOT NULL REFERENCES Users(UserId),
    Message TEXT,
    TypeIs TEXT, --CHECK (TypeIs IN ('text', 'image', 'video', 'file')) DEFAULT 'text',
    ImageLink TEXT,
    CreationDate TIMESTAMP WITH TIME ZONE DEFAULT NOW(),
    IsSent BOOLEAN DEFAULT TRUE,
    IsSeen BOOLEAN DEFAULT FALSE,
    Status TEXT --CHECK (Status IN ('normal', 'deleted')) DEFAULT 'normal'
);

CREATE TABLE ServiceCategories (
    CategoryID UUID PRIMARY KEY DEFAULT uuid_generate_v4(),
    Name TEXT NOT NULL UNIQUE,  -- Lưu tên danh mục dịch vụ 
    Icon TEXT,  -- Đường dẫn icon hiển thị trên app
	Banner TEXT,
    CreatedAt TIMESTAMP WITH TIME ZONE DEFAULT NOW()
);

CREATE TABLE SubServices (
    SubServiceID UUID PRIMARY KEY DEFAULT uuid_generate_v4(),
    CategoryID UUID NOT NULL REFERENCES ServiceCategories(CategoryID),
    Name TEXT NOT NULL,  -- Tên dịch vụ con
    Description TEXT,  -- Mô tả chi tiết dịch vụ
	MinCompleteTime INTEGER,
    CreatedAt TIMESTAMP WITH TIME ZONE DEFAULT NOW()
);

CREATE TABLE ServiceDetails (
    ServiceID UUID PRIMARY KEY DEFAULT uuid_generate_v4(),
    SubServiceID UUID NOT NULL REFERENCES SubServices(SubServiceID),
    Name TEXT NOT NULL,  -- Tên chi tiết dịch vụ
    Description TEXT,  -- Mô tả dịch vụ
    Price DECIMAL(10) NOT NULL,  -- Giá thành
    Image TEXT,  -- Hình ảnh minh họa
    CreatedAt TIMESTAMP WITH TIME ZONE DEFAULT NOW()
);

CREATE TABLE ExtraCategories (
    ExtraCategoryID UUID PRIMARY KEY DEFAULT uuid_generate_v4(),
    Name TEXT NOT NULL UNIQUE, -- Tên nhóm (Ví dụ: "Special Materials", "Add-on Service")
    CreatedAt TIMESTAMP WITH TIME ZONE DEFAULT NOW()
);

CREATE TABLE Extras (
    ExtraID UUID PRIMARY KEY DEFAULT uuid_generate_v4(),
    ExtraCategoryID UUID NOT NULL REFERENCES ExtraCategories(ExtraCategoryID),
    Name TEXT NOT NULL,  -- Tên dịch vụ bổ sung
    Description TEXT,  -- Mô tả
    Price DECIMAL(10) NOT NULL,  -- Giá dịch vụ bổ sung
    Image TEXT,  -- Ảnh minh họa (nếu có)
    CreatedAt TIMESTAMP WITH TIME ZONE DEFAULT NOW()
);

CREATE TABLE ServiceExtraMapping (
    MappingID UUID PRIMARY KEY DEFAULT uuid_generate_v4(),
    ServiceID UUID NOT NULL REFERENCES ServiceDetails(ServiceID),
    ExtraID UUID NOT NULL REFERENCES Extras(ExtraID)
);

CREATE TABLE Orders (
    OrderID TEXT PRIMARY KEY,
    UserID UUID NOT NULL REFERENCES Users(UserId),
	PickupLabel TEXT,
	PickupName TEXT,
	PickupPhone TEXT,
    PickupAddressDetail TEXT,
	PickupDescription TEXT,
	PickupLatitude DECIMAL(9,6),
	PickupLongitude DECIMAL(9,6),
	DeliveryLabel TEXT,
	DeliveryName TEXT,
	DeliveryPhone TEXT,
	DeliveryAddressDetail TEXT,
	DeliveryDescription TEXT,
	DeliveryLatitude DECIMAL(9,6),
	DeliveryLongitude DECIMAL(9,6),
    PickupTime TIMESTAMP WITH TIME ZONE,
    DeliveryTime TIMESTAMP WITH TIME ZONE,
    ShippingFee DECIMAL(10),
	ShippingDiscount DECIMAL(10),
	ApplicableFee DECIMAL(10),
	OtherPrice DECIMAL(10),
	NoteForOtherPrice TEXT,
    TotalPrice DECIMAL(10),
	Discount DECIMAL(10),
	CurrentStatus TEXT, --CHECK (CurrentStatus IN ('INCART', 'PENDING', 'PROCESSING', 'COMPLETED', 'CANCELLED')) DEFAULT 'INCART',
    AutoCompleteJobId TEXT,
    CreatedAt TIMESTAMP WITH TIME ZONE DEFAULT NOW()
);

CREATE TABLE OrderItems (
    OrderItemID UUID PRIMARY KEY DEFAULT uuid_generate_v4(),
    OrderID TEXT NOT NULL REFERENCES Orders(OrderID),
    ServiceID UUID NOT NULL REFERENCES ServiceDetails(ServiceID),
    Quantity INT NOT NULL,--DEFAULT 1 CHECK (Quantity > 0),
    BasePrice DECIMAL(10), -- Lưu giá tại thời điểm đặt hàng
    CreatedAt TIMESTAMP WITH TIME ZONE DEFAULT NOW()
);

CREATE TABLE OrderExtras (
    OrderExtraID UUID PRIMARY KEY DEFAULT uuid_generate_v4(),
    OrderItemID UUID NOT NULL REFERENCES OrderItems(OrderItemID),
    ExtraID UUID NOT NULL REFERENCES Extras(ExtraID),
    ExtraPrice DECIMAL(10), -- Lưu giá tại thời điểm đặt hàng
    CreatedAt TIMESTAMP WITH TIME ZONE DEFAULT NOW()
);

CREATE TABLE OrderStatusHistory (
    StatusHistoryID UUID PRIMARY KEY DEFAULT uuid_generate_v4(),
    OrderID TEXT NOT NULL REFERENCES Orders(OrderID),
    Status TEXT, --CHECK (Status IN ('INCART', 'PENDING', 'PICKUP', 'PROCESSING', 'SHIPPING', 'DELIVERED', 'COMPLETED', 'CANCELLED')),
    StatusDescription TEXT,  -- Mô tả chi tiết trạng thái (VD: "Đơn hàng đã rời khỏi kho", "Shipper đang giao hàng")
	Notes TEXT,
   	UpdatedBy UUID REFERENCES Users(UserID), -- Ai đã thay đổi trạng thái này?
    IsFail BOOLEAN DEFAULT FALSE,
	CreatedAt TIMESTAMP WITH TIME ZONE DEFAULT NOW()
);

CREATE TABLE OrderPhotos (
    PhotoID UUID PRIMARY KEY DEFAULT uuid_generate_v4(),
    StatusHistoryID UUID NOT NULL REFERENCES OrderStatusHistory(StatusHistoryID),
    PhotoUrl TEXT NOT NULL
);

CREATE TABLE OrderAssignmentHistory (
    AssignmentID UUID PRIMARY KEY DEFAULT uuid_generate_v4(),
    OrderID TEXT NOT NULL REFERENCES Orders(OrderID), 
    AssignedTo UUID NOT NULL REFERENCES Users(UserId), -- Ai nhận nhiệm vụ (Driver hoặc Staff)
    AssignedAt TIMESTAMP WITH TIME ZONE DEFAULT NOW(),
    Status TEXT DEFAULT 'Assigned',-- CHECK (Status IN ('Assigned', 'Accepted', 'Declined', 'Completed')),
    DeclineReason TEXT, -- Lý do từ chối
    CompletedAt TIMESTAMP WITH TIME ZONE -- Thời điểm hoàn thành nhiệm vụ
);

CREATE TABLE PaymentMethods (
    PaymentMethodID UUID PRIMARY KEY DEFAULT uuid_generate_v4(),
    Name TEXT NOT NULL UNIQUE, -- Tên phương thức thanh toán (VD: Tiền mặt, Chuyển khoản, Ví điện tử)
    Description TEXT,  -- Mô tả chi tiết (nếu cần)
    IsActive BOOLEAN DEFAULT TRUE,  -- Đánh dấu phương thức này có khả dụng hay không
    CreatedAt TIMESTAMP WITH TIME ZONE DEFAULT NOW()
);

CREATE TABLE Payments (
    PaymentID UUID PRIMARY KEY DEFAULT uuid_generate_v4(),
    OrderID TEXT NOT NULL REFERENCES Orders(OrderID),
    PaymentDate TIMESTAMP WITH TIME ZONE DEFAULT NOW(), -- Ngày thanh toán
    Amount DECIMAL(10) NOT NULL,-- Số tiền thanh toán
    PaymentMethodID UUID NOT NULL REFERENCES PaymentMethods(PaymentMethodID), -- Liên kết phương thức thanh toán
    PaymentStatus TEXT,--CHECK (PaymentStatus IN ('PENDING', 'PAID', 'FAILED', 'REFUNDED')) DEFAULT 'PENDING',
    TransactionID TEXT,      -- Mã giao dịch (đối với thanh toán online)
    PaymentMetadata JSONB,   -- Lưu trữ thêm dữ liệu phản hồi từ cổng thanh toán (token, mã xác thực, response JSON, v.v.)
    CollectedBy UUID REFERENCES Users(UserId),
    IsReturnedToAdmin BOOLEAN NOT NULL DEFAULT FALSE,
    CreatedAt TIMESTAMP WITH TIME ZONE DEFAULT NOW(),
    UpdatedAt TIMESTAMP WITH TIME ZONE
);

CREATE TABLE Complaints (
    ComplaintID UUID PRIMARY KEY DEFAULT uuid_generate_v4(),
    OrderID TEXT NOT NULL REFERENCES Orders(OrderID), -- Liên kết với đơn hàng bị khiếu nại
    UserID UUID NOT NULL REFERENCES Users(UserId), -- Người dùng tạo khiếu nại
    ComplaintType TEXT, -- Loại khiếu nại (VD: 'DAMAGED_ITEM', 'WRONG_ITEM', 'POOR_QUALITY', 'LATE_DELIVERY', 'OTHER')
    ComplaintDescription TEXT NOT NULL, -- Mô tả chi tiết của người dùng về vấn đề
    Status TEXT NOT NULL DEFAULT 'Pending', -- E.g., 'Pending', 'In Progress', 'Resolved', 'Closed'
    AssignedTo UUID REFERENCES Users(UserId), -- Staff được giao xử lý (nếu có)
    ResolutionDetails TEXT NULL, -- Mô tả cách giải quyết (do staff ghi)
    CreatedAt TIMESTAMP WITH TIME ZONE DEFAULT NOW(),
    ResolvedAt TIMESTAMP WITH TIME ZONE NULL -- Thời điểm giải quyết xong
);

CREATE TABLE DriverLocationHistory (
    HistoryID UUID PRIMARY KEY DEFAULT uuid_generate_v4(),
    DriverID UUID NOT NULL REFERENCES Users(UserID),
    OrderID TEXT REFERENCES Orders(OrderID),
    Latitudep DECIMAL(9,6) NOT NULL,
    Longitude DECIMAL(9,6) NOT NULL,
    CreatedAt TIMESTAMP WITH TIME ZONE DEFAULT NOW()
);

CREATE TABLE Ratings (
    RatingID UUID PRIMARY KEY DEFAULT uuid_generate_v4(),
    UserID UUID NOT NULL REFERENCES Users(UserID), -- Ai đã đánh giá
    OrderID TEXT NOT NULL REFERENCES Orders(OrderID), -- Liên kết với đơn hàng đã sử dụng dịch vụ
    Star INT,-- CHECK (Rating BETWEEN 1 AND 5) NOT NULL, -- Điểm đánh giá từ 1 đến 5
    Review TEXT, -- Nhận xét của người dùng
    CreatedAt TIMESTAMP WITH TIME ZONE DEFAULT NOW() -- Ngày đánh giá
);

CREATE TABLE DiscountCodes (
    DiscountCodeID UUID PRIMARY KEY DEFAULT uuid_generate_v4(),
    Code TEXT NOT NULL UNIQUE,  -- Mã giảm giá, ví dụ: "SALE20"
    Description TEXT,-- Mô tả mã giảm giá
    DiscountType TEXT,-- CHECK (DiscountType IN ('fixed', 'percentage')) NOT NULL,  -- Kiểu giảm giá: fixed hoặc percentage
    Value DECIMAL(10) NOT NULL,  -- Giá trị giảm: nếu fixed là số tiền, nếu percentage là phần trăm
    AppliesTo TEXT,-- CHECK (AppliesTo IN ('shipping', 'order', 'both')) NOT NULL,  -- Đối tượng áp dụng: phí ship, đơn hàng, hoặc cả hai
    MinimumOrderValue DECIMAL(10),  -- Giá trị đơn hàng tối thiểu để áp dụng mã (nếu có)
    MaximumDiscount DECIMAL(10),    -- Giá trị giảm tối đa (áp dụng với discount theo phần trăm)
    UsageLimit INT,                   -- Số lần sử dụng mã trên toàn hệ thống (nếu có)
    UsagePerUser INT,                 -- Số lần sử dụng tối đa cho mỗi user (nếu có)
    StartDate TIMESTAMP WITH TIME ZONE,  -- Thời điểm mã bắt đầu hiệu lực
    EndDate TIMESTAMP WITH TIME ZONE,    -- Thời điểm mã hết hiệu lực
    CreatedAt TIMESTAMP WITH TIME ZONE DEFAULT NOW()
);

CREATE TABLE OrderDiscounts (
    OrderDiscountID UUID PRIMARY KEY DEFAULT uuid_generate_v4(),
    OrderID TEXT NOT NULL REFERENCES Orders(OrderID),
    DiscountCodeID UUID NOT NULL REFERENCES DiscountCodes(DiscountCodeID),
    AppliedAt TIMESTAMP WITH TIME ZONE DEFAULT NOW(),  -- Thời điểm áp mã
    DiscountAmount DECIMAL(10)  -- Số tiền giảm được áp dụng cho đơn hàng
);

CREATE TABLE DiscountCodeUsers (
    ID UUID PRIMARY KEY DEFAULT uuid_generate_v4(),
    DiscountCodeID UUID NOT NULL REFERENCES DiscountCodes(DiscountCodeID),
    UserID UUID NOT NULL REFERENCES Users(UserId),
    AssignedAt TIMESTAMP WITH TIME ZONE DEFAULT NOW()
);

CREATE TABLE RewardRedemptionOptions (
    OptionID UUID PRIMARY KEY DEFAULT uuid_generate_v4(),
    DiscountAmount DECIMAL(10) NOT NULL,    -- Số tiền giảm: 30000, 50000, 100000,...
    RequiredPoints INT NOT NULL,              -- Số điểm cần đổi (30, 50, 100, ...)
    OptionDescription TEXT,
    CreatedAt TIMESTAMP WITH TIME ZONE DEFAULT NOW()
);

CREATE TABLE RewardTransactions (
    RewardTransactionID UUID PRIMARY KEY DEFAULT uuid_generate_v4(),
    UserID UUID NOT NULL REFERENCES Users(UserId),
    OrderID TEXT,  -- Liên kết đơn hàng nếu có
    TransactionType TEXT,-- NOT NULL CHECK (TransactionType IN ('earn', 'redeem')),
    Points INT NOT NULL,  -- Số điểm thay đổi: dương với 'earn', âm với 'redeem'
    OptionID UUID REFERENCES RewardRedemptionOptions(OptionID),  -- Áp dụng nếu là giao dịch đổi điểm
    TransactionDate TIMESTAMP WITH TIME ZONE DEFAULT NOW(),
    Note TEXT
);

CREATE TABLE Areas (
	AreaID UUID PRIMARY KEY DEFAULT uuid_generate_v4(),
	Name TEXT NOT NULL,
    Districts TEXT[],
    AreaType TEXT NOT NULL, -- CHECK (Purpose IN ('ShippingFee', 'Driver'))
    ShippingFee DECIMAL(10)
);

CREATE TABLE BranchAddress (
	BrachID UUID PRIMARY KEY DEFAULT uuid_generate_v4(),
	AddressDetail TEXT,
	Latitude DECIMAL(9,6),
	Longitude DECIMAL(9,6)
);

-- Tạo bảng AbsentDriver
CREATE TABLE AbsentDriver (
    AbsentID UUID PRIMARY KEY DEFAULT uuid_generate_v4(),
    DriverID UUID NOT NULL REFERENCES Users(UserId),
    DateAbsent DATE NOT NULL,
    AbsentFrom TIMESTAMP WITH TIME ZONE NOT NULL,
    AbsentTo   TIMESTAMP WITH TIME ZONE NOT NULL,
    DateCreated TIMESTAMP WITH TIME ZONE DEFAULT NOW()
);

-- Tạo bảng RewardHistory
CREATE TABLE RewardHistory (
    RewardHistoryID UUID PRIMARY KEY DEFAULT uuid_generate_v4(),
    UserID UUID NOT NULL REFERENCES Users(UserId),
    OrderID TEXT REFERENCES Orders(OrderID),
    OrderName TEXT,
    Points INT NOT NULL,
    DateCreated TIMESTAMP WITH TIME ZONE DEFAULT NOW()
);

-- Thay đổi OrderID ở bảng Orders thì ở bảng OrderItems tự thay đổi
ALTER TABLE OrderItems
    DROP CONSTRAINT orderitems_orderid_fkey,
    ADD  CONSTRAINT orderitems_orderid_fkey
        FOREIGN KEY (OrderID) REFERENCES Orders(OrderID)
        ON UPDATE CASCADE
        ON DELETE NO ACTION;

--INSERT DATA
INSERT INTO public.users (userid, fullname, email, emailconfirmed, password, status, role, avatar, dob, gender, phonenumber, rewardpoints, datecreated, datemodified, refreshtoken, refreshtokenexpirytime) VALUES ('2b5e5454-ea28-4adf-beee-75592628cf1c', 'Customer', NULL, false, '$2a$11$LscyzeiyebAjF7KXf8IZ1eW9EZHTQi.XIGGakiMZi/4NwWoK4aEB6', 'Active', 'Customer', NULL, '2025-02-27', 'Male', '0789789789', 0, '2025-02-27 13:21:51.62545+00', NULL, '$2a$11$vZKQYple9RHYDGLDxK8W7.CDSboIC5cpEHvEHI21DqpbDYu8pdAYm', '2025-03-09 05:30:54.971189+00');
INSERT INTO public.users (userid, fullname, email, emailconfirmed, password, status, role, avatar, dob, gender, phonenumber, rewardpoints, datecreated, datemodified, refreshtoken, refreshtokenexpirytime) VALUES ('315e9260-2f19-4de5-8d5a-ce76c7ad0a6e', 'Truong', 'bfdgdfgdf@gmail.com', false, '$2a$11$TTvbDKA0JuuM.DCY7.kMzO3F2U0TY5.EQ77XzZPJ4ST0X/niZdu5m', 'Active', 'Customer', 'https://laundryservicebucket.s3.ca-east-006.backblazeb2.com/user-avatars/770dde07-4555-4e21-ba18-79f1bff9eb8f.jpeg', '2019-03-10', 'Male', '0385145207', 0, '2025-03-20 06:35:16.174483+00', '2025-03-20 08:57:08.998312+00', '$2a$11$xlh1Bj1R6Zo4zw1S/j3/6u3xofRUs98QovpEBeu/xKRXiocZomCSi', '2025-03-27 08:56:44.898592+00');
INSERT INTO public.users (userid, fullname, email, emailconfirmed, password, status, role, avatar, dob, gender, phonenumber, rewardpoints, datecreated, datemodified, refreshtoken, refreshtokenexpirytime) VALUES ('9ab8df49-38e6-44bf-bd6a-95e951448668', 'haha', 'null', false, '$2a$11$rPfQ2wT.w61ssAoEx9wSzu/c7nzH0Yx.s.QoFLmMFjqlD/H2tbGWa', 'Active', 'Driver', 'https://laundryservicebucket.s3.ca-east-006.backblazeb2.com/user-avatars/fbbe97fe-299b-4cb9-ba88-42a09a5aa809.jpg', '2025-02-25', 'Female', '1231231233', 0, '2025-02-25 14:25:29.276941+00', '2025-03-21 04:45:26.390502+00', '$2a$11$4CttENiKaZSq5dy.PE05.eS1ZUxHrykJfox44Bat/mXnahhQxVSF6', '2025-03-04 21:25:29.641304+00');
INSERT INTO public.users (userid, fullname, email, emailconfirmed, password, status, role, avatar, dob, gender, phonenumber, rewardpoints, datecreated, datemodified, refreshtoken, refreshtokenexpirytime) VALUES ('704d9d9d-83b4-4c28-bf36-c77cd24bb9a1', 'Cường Bảy Núi', 'c7n@gmai.com', false, '$2a$11$tVGAV1qgIpyHVvoGoWIiROSJcHVfCdnd5qKpeQzPcf1vcGzr/2BZq', 'Active', 'Staff', 'https://laundryservicebucket.s3.ca-east-006.backblazeb2.com/user-avatars/66e60aaf-f8e3-4c51-b61d-50f823d48d52.jpg', '2003-03-18', 'Female', '0888881111', 0, '2025-03-22 01:04:32.449598+00', NULL, NULL, NULL);
INSERT INTO public.users (userid, fullname, email, emailconfirmed, password, status, role, avatar, dob, gender, phonenumber, rewardpoints, datecreated, datemodified, refreshtoken, refreshtokenexpirytime) VALUES ('723914ab-6a08-47fd-aca1-74c14081c27e', 'string', NULL, false, '$2a$11$aig9R5YVy3YVYegofAwPuu0GeF31.Lybg0ob1bpAdf7HmE63saKW6', 'Deleted', 'Staff', NULL, '2025-02-20', 'Male', '0123456799', 0, '2025-02-20 16:38:47.588686+00', NULL, NULL, NULL);
INSERT INTO public.users (userid, fullname, email, emailconfirmed, password, status, role, avatar, dob, gender, phonenumber, rewardpoints, datecreated, datemodified, refreshtoken, refreshtokenexpirytime) VALUES ('3ac38745-1fa7-48ae-93b5-35a9d32420f4', 'Phan Huệ truong', NULL, false, '$2a$11$uM1HPp3e6WknKXiQhOHR5eL0cm0agB.ohTiK8554/3PSe3mSJ.i1q', 'Active', 'Customer', NULL, '2020-02-12', 'Male', '0896210410', 0, '2025-03-21 08:04:17.354002+00', NULL, '$2a$11$hDgX5W5X2hFr1uXEwCAInu2TiOXSnlCP8TZskmmdPyt3rcqkz5Fd6', '2025-03-29 14:28:30.121337+00');
INSERT INTO public.users (userid, fullname, email, emailconfirmed, password, status, role, avatar, dob, gender, phonenumber, rewardpoints, datecreated, datemodified, refreshtoken, refreshtokenexpirytime) VALUES ('f47ac10b-58cc-4372-a567-0e02b2c3d479', 'Henry Vũ', NULL, false, '$2a$11$lexByIhkgVUhw5R7ce3Su.x2SDLf8y0yL6K50JSdIsulVTzISE9NC', 'Active', 'Admin', NULL, '1996-12-09', 'Male', '0123456789', 0, '2025-03-20 19:09:43.159832+00', NULL, '$2a$11$CHkqkrH0a8TcbRU6gG9vW.1m0HIVoLFApzVnC7W8NRAKEb5bT2./W', '2025-04-09 18:42:25.845765+00');
INSERT INTO public.users (userid, fullname, email, emailconfirmed, password, status, role, avatar, dob, gender, phonenumber, rewardpoints, datecreated, datemodified, refreshtoken, refreshtokenexpirytime) VALUES ('ac5c436a-657a-4f79-affc-ad715d6fb695', 'Bui tan thanh', NULL, false, '$2a$11$qD0xfXAeBz6XbpIDKs.DPeo/AYq.MCfVnAr4DP9N5ZiaePB0JBwo.', 'Active', 'Customer', NULL, '2025-04-03', 'Male', '0942557312', 0, '2025-04-03 14:54:55.85066+00', NULL, '$2a$11$vohgg6EIwY47XyL1x7cJ8u/J8UL8NTkeKtnHeSLGnDEWOjULwWdWO', '2025-04-13 18:04:49.575368+00');
INSERT INTO public.users (userid, fullname, email, emailconfirmed, password, status, role, avatar, dob, gender, phonenumber, rewardpoints, datecreated, datemodified, refreshtoken, refreshtokenexpirytime) VALUES ('0aa7c740-d208-4936-8eb0-141b73e70c44', 'NXQUANG', NULL, false, '$2a$11$XgnTNyTuSU1xomtvCtYgM.S1beDmBa.lVd/RI3LiJNjuwLTX87VW2', 'Active', 'Customer', NULL, '2002-03-26', 'Male', '0902377420', 0, '2025-03-26 09:52:52.153775+00', NULL, '$2a$11$Pa8vGcAIMxJGsjA8bKnfguG//cHtbGrXjW6WzvyICPmpN.n6A3.6S', '2025-04-02 10:03:16.764398+00');
INSERT INTO public.users (userid, fullname, email, emailconfirmed, password, status, role, avatar, dob, gender, phonenumber, rewardpoints, datecreated, datemodified, refreshtoken, refreshtokenexpirytime) VALUES ('33fc3254-9249-430e-9e9f-8e18ed5e515d', 'Customer -test', NULL, false, '$2a$11$WelExBKGJHDfO3sHTWyc8.HOkeDlZSLCNaNG8dB3fSJ7nzNaMnfIu', '', 'Customer', '', NULL, 'Female', 'UNKNOWN-1', 0, '2025-03-31 05:42:22.155889+00', NULL, NULL, NULL);
INSERT INTO public.users (userid, fullname, email, emailconfirmed, password, status, role, avatar, dob, gender, phonenumber, rewardpoints, datecreated, datemodified, refreshtoken, refreshtokenexpirytime) VALUES ('3c801bee-38aa-467a-9909-6a447d6b89b2', ' test-customer-2', NULL, false, '$2a$11$TELXrFKS/aRtnXQy6fnydez3x/8l9JBgEQDB5cQdZqf6GpkkYrO9S', '', 'Customer', '', NULL, 'Male', 'UNKNOWN-2', 0, '2025-03-31 05:42:22.240052+00', NULL, NULL, NULL);
INSERT INTO public.users (userid, fullname, email, emailconfirmed, password, status, role, avatar, dob, gender, phonenumber, rewardpoints, datecreated, datemodified, refreshtoken, refreshtokenexpirytime) VALUES ('37909e74-3390-4625-8251-1274ec0ed1c0', ' test-staff-excel', NULL, false, '$2a$11$cHn6pZJ89glB2JzZESlVC.h8DrSgNp7mej22lpZCzY8hE5lzv86AG', '', 'Staff', '', NULL, 'Female', 'UNKNOWN-3', 0, '2025-03-31 05:42:22.288532+00', NULL, NULL, NULL);
INSERT INTO public.users (userid, fullname, email, emailconfirmed, password, status, role, avatar, dob, gender, phonenumber, rewardpoints, datecreated, datemodified, refreshtoken, refreshtokenexpirytime) VALUES ('9124ca24-9256-4316-9388-6b841faca476', 'Thanh Pháp', 'thanhphap@gmail.com', false, '$2a$11$yWiRAZ3B37WbclgXLAu.5Od4cgEQxu5jdrTpURsC4BsfRSO0qIoee', 'Active', 'CustomerStaff', NULL, '2000-04-03', 'Male', '0987654321', 0, '2025-04-03 12:32:04.659092+00', NULL, '$2a$11$NiNujR.hOOibSgsCWjtkreRN.MMVD.TJEHWNzy1B13xyflP3O3Eh.', '2025-04-13 13:47:22.732024+00');
INSERT INTO public.users (userid, fullname, email, emailconfirmed, password, status, role, avatar, dob, gender, phonenumber, rewardpoints, datecreated, datemodified, refreshtoken, refreshtokenexpirytime) VALUES ('9c7c7763-c56a-4038-a7e1-cd045f7cbdfe', 'Vũ Hải', NULL, false, '$2a$11$lexByIhkgVUhw5R7ce3Su.x2SDLf8y0yL6K50JSdIsulVTzISE9NC', 'Active', 'Admin', NULL, '1999-02-21', 'Male', '0869643628', 0, '2025-02-21 03:16:08.245204+00', NULL, '$2a$11$DjdfxOUOnhsrccCo193n3OZ3LfVjeOTg9RzcT7crydGAuEDOoQGCS', '2025-04-13 07:13:30.444259+00');
INSERT INTO public.users (userid, fullname, email, emailconfirmed, password, status, role, avatar, dob, gender, phonenumber, rewardpoints, datecreated, datemodified, refreshtoken, refreshtokenexpirytime) VALUES ('0d3e0249-dc2b-461f-994d-2636de840097', 'Bùi Tấn Thành', 'bintri94@gmail.com', false, '$2a$11$pk8ajVshlHIBx7RrS9EAfeQoGfFKoObjL2mRzRaKuDJJAF35jJaa6', 'Active', 'Customer', 'https://laundryservicebucket.s3.ca-east-006.backblazeb2.com/user-avatars/a825a7ea-f43d-40f0-b650-79471ff85093.jpeg', '2002-03-04', 'Male', '0942557311', 0, '2025-03-05 12:05:23.68295+00', '2025-03-29 17:55:32.366594+00', '$2a$11$diKlvWIE.POhfBIMdb5PIOinHxsljvBN2rVeef/HSQEzgBHdPjuCS', '2025-04-10 15:10:27.85322+00');
INSERT INTO public.users (userid, fullname, email, emailconfirmed, password, status, role, avatar, dob, gender, phonenumber, rewardpoints, datecreated, datemodified, refreshtoken, refreshtokenexpirytime) VALUES ('db1b8554-4614-4867-bf67-0fc1a51365b7', 'Bui tan thanh', NULL, false, '$2a$11$fW/G.87MVLHx9WAiPmldo.0VDO3WHBJGLXdT.1gKY75GyoqUIRrIO', 'Active', 'Customer', 'https://laundryservicebucket.s3.ca-east-006.backblazeb2.com/user-avatars/47531b3f-76ef-4dd5-b172-67ecfd3336ba.jpeg', '2001-09-18', 'Male', '0942557322', 0, '2025-03-29 06:27:34.313081+00', '2025-03-30 08:30:45.17289+00', '$2a$11$RYFpHo6ZNDEE8YsDmiMv2.o0jEckXVAdQqW8RGBzU6ZBYFl88t/iC', '2025-04-13 18:47:43.176353+00');
INSERT INTO public.users (userid, fullname, email, emailconfirmed, password, status, role, avatar, dob, gender, phonenumber, rewardpoints, datecreated, datemodified, refreshtoken, refreshtokenexpirytime) VALUES ('be11205a-747c-42ca-b969-f5b33a7c92ab', 'Staff1 -update', 'staff1@gmail.com', false, '$2a$11$Xj4EFCfAUgoP..LL8fwQB.9Qj.2rKNhGuMmDWCH.bapICd/ghXXDC', 'Active', 'Staff', 'https://laundryservicebucket.s3.ca-east-006.backblazeb2.com/user-avatars/952f4549-78dc-4236-9820-7a7d293fd10d.jpg', '1990-02-23', 'Male', '0456456456', 0, '2025-02-27 13:21:25.597132+00', '2025-03-21 08:11:50.990558+00', '$2a$11$bU3d2V4KVYGJtcDpL5Ejae5k.SsrBvnHjDsLanEwxu/OfQuU7T1R.', '2025-04-13 20:11:22.781104+00');
INSERT INTO public.users (userid, fullname, email, emailconfirmed, password, status, role, avatar, dob, gender, phonenumber, rewardpoints, datecreated, datemodified, refreshtoken, refreshtokenexpirytime) VALUES ('a7f03669-a263-47e5-b61b-58957b34dd4e', 'Bloeeeeeeeeeee', 'bloeeeee@gmail.com', false, '$2a$11$AFiJKuvTl29fIxmpM1otYeN9oApEG3UdSh2QA8EHHIkqS/nkdAk0m', 'Active', 'Driver', 'https://laundryservicebucket.s3.ca-east-006.backblazeb2.com/user-avatars/d3f285bb-5183-4995-a3da-81c9370cb884.png', '2005-08-24', 'Male', '0123123123', 0, '2025-02-27 13:20:54.561602+00', '2025-03-23 05:11:41.299123+00', '$2a$11$bhMUYfdkL1CR6ePEh6R2/.mgDnwtBwyfEq7ubWrS43DHdqFi08qqC', '2025-04-13 20:16:55.257197+00');
INSERT INTO public.users (userid, fullname, email, emailconfirmed, password, status, role, avatar, dob, gender, phonenumber, rewardpoints, datecreated, datemodified, refreshtoken, refreshtokenexpirytime) VALUES ('99505d8a-2682-4ed1-9b5f-962580ba72cb', 'Phạm Nhật Huy', NULL, false, '$2a$11$OVCxHb6DvIiDvHCAk5RDxuNCqxeeAm3WhM4i/1w9iUgrezaNfTQ0a', 'Active', 'Customer', NULL, '2025-01-15', 'Male', '0388645905', 0, '2025-03-20 11:02:58.597653+00', NULL, '$2a$11$/aEDLUoXCaB1X.WdaC4j8ehnjCuSm2JRNsGGnjbNSdS5VtOxjW5KW', '2025-04-13 16:59:36.029358+00');

----------------------
INSERT INTO public.addresses (addressid, userid, addresslabel, contactname, contactphone, detailaddress, description, latitude, longitude, datecreated, datemodified) VALUES ('22da258a-48a7-43b3-8958-56eb1dec90c4', 'f47ac10b-58cc-4372-a567-0e02b2c3d479', 'địa chỉ 2', 'string', '6116820675', '389/48 Lê Văn Khương, Quận 12, Hồ Chí Minh', 'string', 10.883286, 106.646963, '2025-03-21 16:31:04.704471+00', NULL);
INSERT INTO public.addresses (addressid, userid, addresslabel, contactname, contactphone, detailaddress, description, latitude, longitude, datecreated, datemodified) VALUES ('1dd2bdd8-a4ec-495b-8e18-e90076b33578', '0d3e0249-dc2b-461f-994d-2636de840097', 'Nhà', 'Bùi Tấn Thành', '0942557312', 'Miếu Gò Xoài, Bình Hưng Hoà A, Ho Chi Minh City, Vietnam', '458/8 Miếu Gò Xoài , trong hẻm số 8', 10.779767, 106.604110, '2025-03-24 09:29:31.180045+00', NULL);
INSERT INTO public.addresses (addressid, userid, addresslabel, contactname, contactphone, detailaddress, description, latitude, longitude, datecreated, datemodified) VALUES ('a05b2ef8-d703-41f1-88f7-0c9c3b5a4d44', '0d3e0249-dc2b-461f-994d-2636de840097', 'KTX', 'Bùi Tấn Thành', '0942557312', ' Mạc Đĩnh Chi, Dĩ An, Bình Dương, Vietnam', 'ktx khu b đại học quốc gia TP.HCM', 10.883000, 106.782997, '2025-03-24 09:39:56.008658+00', NULL);
INSERT INTO public.addresses (addressid, userid, addresslabel, contactname, contactphone, detailaddress, description, latitude, longitude, datecreated, datemodified) VALUES ('900cfb4c-f190-4080-800d-1ae3b6e644f3', '99505d8a-2682-4ed1-9b5f-962580ba72cb', 'Nhà riêng', 'Phạm Nhật Huy', '0388645905', '123 Võ Văn Tần, Phường 6, Quận 3, TP.HCM', 'Căn hộ tầng 2, gần ngã tư với Cách Mạng Tháng 8', 10.775658, 106.689460, '2025-03-24 12:47:27.533426+00', NULL);
INSERT INTO public.addresses (addressid, userid, addresslabel, contactname, contactphone, detailaddress, description, latitude, longitude, datecreated, datemodified) VALUES ('c2ceaa03-6489-41ea-9440-ed99748404e9', '0d3e0249-dc2b-461f-994d-2636de840097', 'Test', 'Bùi Tấn Thành', '0942557312', 'Trường Chinh, Tân Sơn Nhì, Ho Chi Minh City, Vietnam', '', 10.802295, 106.636355, '2025-03-28 09:03:37.589374+00', NULL);
INSERT INTO public.addresses (addressid, userid, addresslabel, contactname, contactphone, detailaddress, description, latitude, longitude, datecreated, datemodified) VALUES ('03315834-ce5d-4a06-896d-1a404498d6c0', '0d3e0249-dc2b-461f-994d-2636de840097', 'Nhà', 'Bùi Tấn Thành', '0942557311', 'Hẻm 142 Thoại Ngọc Hầu, Phú Thạnh, Ho Chi Minh City, Vietnam', '', 10.780254, 106.632883, '2025-03-29 17:48:48.721407+00', NULL);
INSERT INTO public.addresses (addressid, userid, addresslabel, contactname, contactphone, detailaddress, description, latitude, longitude, datecreated, datemodified) VALUES ('137664d5-326d-4893-8d0d-f178a46b15cb', 'db1b8554-4614-4867-bf67-0fc1a51365b7', 'Nhà', 'Bui tan thanh', '0942557312', 'Mạc Đĩnh Chi, Dĩ An, Bình Dương, Vietnam', '', 10.883000, 106.782997, '2025-03-30 07:51:14.054977+00', NULL);
INSERT INTO public.addresses (addressid, userid, addresslabel, contactname, contactphone, detailaddress, description, latitude, longitude, datecreated, datemodified) VALUES ('c6b74ebb-3491-4ccd-8b58-7713dfc7987d', 'db1b8554-4614-4867-bf67-0fc1a51365b7', 'Nhà', 'Bui tan thanh', '0942557312', '113 đường Bình Long, Phú Thọ Hòa, Bình Tân Ho Chi Minh City', '', 10.785350, 106.618490, '2025-03-30 14:05:19.138387+00', NULL);

----------------------
INSERT INTO public.conversation (conversationid, userone, usertwo, creationdate, status) VALUES ('1167b86e-5874-4ed0-874e-f83825a28721', '9c7c7763-c56a-4038-a7e1-cd045f7cbdfe', 'be11205a-747c-42ca-b969-f5b33a7c92ab', '2025-03-30 03:05:31.619884+00', NULL);
INSERT INTO public.conversation (conversationid, userone, usertwo, creationdate, status) VALUES ('3a553024-22a1-423c-837c-0993066b80ec', 'be11205a-747c-42ca-b969-f5b33a7c92ab', '2b5e5454-ea28-4adf-beee-75592628cf1c', '2025-03-30 03:33:13.497428+00', NULL);
INSERT INTO public.conversation (conversationid, userone, usertwo, creationdate, status) VALUES ('7834d826-8740-4c16-b8dd-551c7bc4c928', '9c7c7763-c56a-4038-a7e1-cd045f7cbdfe', '2b5e5454-ea28-4adf-beee-75592628cf1c', '2025-03-30 03:41:13.076939+00', NULL);
INSERT INTO public.conversation (conversationid, userone, usertwo, creationdate, status) VALUES ('1c0c8754-c829-41e4-8284-213a88541ebc', '9c7c7763-c56a-4038-a7e1-cd045f7cbdfe', '9ab8df49-38e6-44bf-bd6a-95e951448668', '2025-03-30 05:21:52.648226+00', NULL);
INSERT INTO public.conversation (conversationid, userone, usertwo, creationdate, status) VALUES ('76b47a4a-6b1b-4213-a1eb-b032e7bdc3e5', '9c7c7763-c56a-4038-a7e1-cd045f7cbdfe', '723914ab-6a08-47fd-aca1-74c14081c27e', '2025-03-30 07:10:02.920005+00', NULL);
INSERT INTO public.conversation (conversationid, userone, usertwo, creationdate, status) VALUES ('6adf9f30-d485-4215-b0d3-acc604366c19', '9c7c7763-c56a-4038-a7e1-cd045f7cbdfe', 'a7f03669-a263-47e5-b61b-58957b34dd4e', '2025-03-30 07:10:03.799752+00', NULL);
INSERT INTO public.conversation (conversationid, userone, usertwo, creationdate, status) VALUES ('81d719ce-d4d2-4607-8e83-e445b687702c', 'be11205a-747c-42ca-b969-f5b33a7c92ab', '9ab8df49-38e6-44bf-bd6a-95e951448668', '2025-03-30 07:16:23.579707+00', NULL);
INSERT INTO public.conversation (conversationid, userone, usertwo, creationdate, status) VALUES ('448ee453-2064-421d-9cfb-be2394496fd8', 'be11205a-747c-42ca-b969-f5b33a7c92ab', 'a7f03669-a263-47e5-b61b-58957b34dd4e', '2025-03-30 07:16:24.338855+00', NULL);
INSERT INTO public.conversation (conversationid, userone, usertwo, creationdate, status) VALUES ('e50407ad-290f-4815-a14b-da88db724f5d', 'be11205a-747c-42ca-b969-f5b33a7c92ab', '723914ab-6a08-47fd-aca1-74c14081c27e', '2025-03-30 07:32:58.409151+00', NULL);
INSERT INTO public.conversation (conversationid, userone, usertwo, creationdate, status) VALUES ('04be92cd-2b29-4270-9065-6d18008a2edf', '9124ca24-9256-4316-9388-6b841faca476', '9c7c7763-c56a-4038-a7e1-cd045f7cbdfe', '2025-04-03 18:14:38.252077+00', NULL);
INSERT INTO public.conversation (conversationid, userone, usertwo, creationdate, status) VALUES ('71abe591-1ff0-4517-904f-87d2ca5fdd00', '9124ca24-9256-4316-9388-6b841faca476', 'be11205a-747c-42ca-b969-f5b33a7c92ab', '2025-04-03 18:36:20.110006+00', NULL);
INSERT INTO public.conversation (conversationid, userone, usertwo, creationdate, status) VALUES ('379733c7-d952-4e7c-a57d-b7b5e8226955', 'be11205a-747c-42ca-b969-f5b33a7c92ab', '3ac38745-1fa7-48ae-93b5-35a9d32420f4', '2025-04-03 18:43:26.857616+00', NULL);
INSERT INTO public.conversation (conversationid, userone, usertwo, creationdate, status) VALUES ('42fcca0a-3a74-4a19-912e-4691f31f3a7e', '9124ca24-9256-4316-9388-6b841faca476', '723914ab-6a08-47fd-aca1-74c14081c27e', '2025-04-06 06:19:51.940057+00', NULL);
INSERT INTO public.conversation (conversationid, userone, usertwo, creationdate, status) VALUES ('339b1df4-3f73-4bed-8024-b10f9aff71b2', '9124ca24-9256-4316-9388-6b841faca476', '9ab8df49-38e6-44bf-bd6a-95e951448668', '2025-04-06 06:19:53.377373+00', NULL);
INSERT INTO public.conversation (conversationid, userone, usertwo, creationdate, status) VALUES ('03fb11a5-6d21-4762-8225-2c43e15142c5', '9124ca24-9256-4316-9388-6b841faca476', 'a7f03669-a263-47e5-b61b-58957b34dd4e', '2025-04-06 06:19:54.509503+00', NULL);
INSERT INTO public.conversation (conversationid, userone, usertwo, creationdate, status) VALUES ('a014dee1-6c47-4ee6-98dc-40b77b5b11c4', '9124ca24-9256-4316-9388-6b841faca476', '99505d8a-2682-4ed1-9b5f-962580ba72cb', '2025-04-06 06:19:57.935956+00', NULL);
INSERT INTO public.conversation (conversationid, userone, usertwo, creationdate, status) VALUES ('b278b475-9030-45bc-a1b5-cb3cc2cd92f4', '9124ca24-9256-4316-9388-6b841faca476', '315e9260-2f19-4de5-8d5a-ce76c7ad0a6e', '2025-04-06 06:19:58.139548+00', NULL);

----------------------
INSERT INTO public.message (messageid, conversationid, userid, message, typeis, imagelink, creationdate, issent, isseen, status) VALUES ('4695b612-0fe6-44c6-8f53-73aa1f5f2972', '1167b86e-5874-4ed0-874e-f83825a28721', '9c7c7763-c56a-4038-a7e1-cd045f7cbdfe', 'hello', NULL, NULL, '2025-04-06 07:13:40.866707+00', true, false, NULL);
INSERT INTO public.message (messageid, conversationid, userid, message, typeis, imagelink, creationdate, issent, isseen, status) VALUES ('d571b5c5-37fd-4f05-8420-45c915b9eda2', '1167b86e-5874-4ed0-874e-f83825a28721', 'be11205a-747c-42ca-b969-f5b33a7c92ab', 'hi', NULL, NULL, '2025-04-06 07:13:46.848982+00', true, false, NULL);

----------------------
INSERT INTO public.extracategories (extracategoryid, name, createdat) VALUES ('621e3ce0-843e-47c3-981a-e018792f1ba6', 'Chất liệu, thiết kế và thương hiệu đặc biệt', '2025-03-16 07:37:10.903944+00');
INSERT INTO public.extracategories (extracategoryid, name, createdat) VALUES ('7a2d5fc9-82bc-40aa-b856-e4f802fda7eb', 'Dịch vụ đi kèm', '2025-03-16 07:38:24.340825+00');
INSERT INTO public.extracategories (extracategoryid, name, createdat) VALUES ('ed27f447-4cea-48a2-815b-da2193d55865', '華語/华语 ', '2025-04-02 13:33:37.257951+00');

----------------------
INSERT INTO public.extras (extraid, extracategoryid, name, description, price, image, createdat) VALUES ('359318cb-317b-4091-9f8d-a526debd45b1', '621e3ce0-843e-47c3-981a-e018792f1ba6', 'NHÃN HIỆU CAO CẤP', NULL, 70000, 'https://laundryservicebucket.s3.ca-east-006.backblazeb2.com/extras/6edff02b-c76c-4fdb-95f7-35709e0873eb.png', '2025-03-16 08:17:17.915037+00');
INSERT INTO public.extras (extraid, extracategoryid, name, description, price, image, createdat) VALUES ('e1bc05ab-a519-44ae-bcb7-4a03c6169fa1', '621e3ce0-843e-47c3-981a-e018792f1ba6', 'Vệ sinh cổ cao', 'Giày có độ cao trên mắt cá chân', 70000, 'https://laundryservicebucket.s3.ca-east-006.backblazeb2.com/extras/31f95bb9-5086-4a6b-aa86-25bf5bb59140.webp', '2025-03-16 06:50:49.396582+00');
INSERT INTO public.extras (extraid, extracategoryid, name, description, price, image, createdat) VALUES ('ec3ddb93-066a-4562-bc08-6211bbb88139', '621e3ce0-843e-47c3-981a-e018792f1ba6', 'Vệ sinh đế cói', 'Hạn chế đến 99% tình trạng đế cói khô cứng, ẩm mốc', 70000, 'https://laundryservicebucket.s3.ca-east-006.backblazeb2.com/extras/b20e2734-0115-4c38-a28b-e05f496ff2f9.jpg', '2025-03-16 06:53:36.539239+00');
INSERT INTO public.extras (extraid, extracategoryid, name, description, price, image, createdat) VALUES ('d5d6f46a-f320-4713-aad1-01624e19345a', '621e3ce0-843e-47c3-981a-e018792f1ba6', 'Vệ sinh da thuộc', 'Chỉ sử dụng xi Saphir cao cấp nhập khẩu từ Pháp (thương hiệu tốt nhất dành cho các dòng giày da). Đã bao gồm một lớp xi dưỡng mỏng bảo vệ giày da toàn diện, làm mềm bề mặt, cải thiện nếp nhăn.', 70000, 'https://laundryservicebucket.s3.ca-east-006.backblazeb2.com/extras/5b2ff9d6-a69c-42b5-becf-fc18cfed8650.jpg', '2025-03-16 06:57:24.905961+00');
INSERT INTO public.extras (extraid, extracategoryid, name, description, price, image, createdat) VALUES ('0b7f1ed2-c830-4177-a4c6-06ca07fb417b', '621e3ce0-843e-47c3-981a-e018792f1ba6', 'Vệ sinh da lộn', 'Vệ sinh khô chất liệu da lộn, nubuck với dung dịch vệ sinh chuyên dụng cao cấp. Hạn chế đến 99% việc khô cứng da, xù lông sau khi vệ sinh.', 70000, 'https://laundryservicebucket.s3.ca-east-006.backblazeb2.com/extras/45e0c122-d7b5-4842-9e47-7e07c66fe927.jpg', '2025-03-16 06:59:31.479955+00');
INSERT INTO public.extras (extraid, extracategoryid, name, description, price, image, createdat) VALUES ('78b43fc3-fbfc-4012-b1af-60e71eeab70f', '621e3ce0-843e-47c3-981a-e018792f1ba6', 'Thương hiệu cao cấp', 'Giày có giá trị trên 7 triệu đồng (Yezzy, Balenciaga, Gucci, v.v...). 100% vệ sinh thủ công bằng dung dịch cao cấp nhập khẩu (Json Markk, Crep Protect))', 80000, 'https://laundryservicebucket.s3.ca-east-006.backblazeb2.com/extras/7939586b-647b-4388-b836-6848994f5fb5.jpg', '2025-03-16 07:02:17.200011+00');
INSERT INTO public.extras (extraid, extracategoryid, name, description, price, image, createdat) VALUES ('a1bc491f-17a4-4355-9ebd-50f861b4ca9a', '7a2d5fc9-82bc-40aa-b856-e4f802fda7eb', 'Dưỡng phục hồi da', '100% sử dụng xi cao cấp, nhập khẩu từ Pháp (thương hiệu tốt nhất dành cho các dòng giày da))', 140000, 'https://laundryservicebucket.s3.ca-east-006.backblazeb2.com/extras/d49997b6-8c32-4859-bfee-2910d4e9fd53.webp', '2025-03-16 07:15:02.132181+00');
INSERT INTO public.extras (extraid, extracategoryid, name, description, price, image, createdat) VALUES ('77ed5314-6dbb-40f5-9b16-ed32a70436b6', '7a2d5fc9-82bc-40aa-b856-e4f802fda7eb', 'Xịt nano', 'Phủ 3 lớp nano lên bề mặt giày theo thời gian cách đoạn trong 2 ngày liên tục.', 150000, 'https://laundryservicebucket.s3.ca-east-006.backblazeb2.com/extras/7b8fb497-220d-43a9-8082-6d78de2033d0.webp', '2025-03-16 07:16:03.87454+00');
INSERT INTO public.extras (extraid, extracategoryid, name, description, price, image, createdat) VALUES ('3323d999-1b20-42da-9109-02c19cf270c5', '7a2d5fc9-82bc-40aa-b856-e4f802fda7eb', 'Sơn đế + mũi giày', 'Giải pháp toàn diện nhất để khôi phục 100% tình trạng đế giày bị ố vàng, ngả màu (dành riêng cho dòng giày Adidas Super Star). 100% sử dụng sơn Angelus cao cấp nhập khẩu. Phủ finisher gia cố, bảo vệ màu theo thời gian. Bảo hành xuyên suốt 30 ngày.', 450000, 'https://laundryservicebucket.s3.ca-east-006.backblazeb2.com/extras/6c409574-337c-441c-bf06-4291b824489b.jpg', '2025-03-16 07:19:12.504239+00');
INSERT INTO public.extras (extraid, extracategoryid, name, description, price, image, createdat) VALUES ('e068cca8-1413-47bc-b63a-30931972ae51', '7a2d5fc9-82bc-40aa-b856-e4f802fda7eb', 'Sơn đế giày', 'Giải pháp toàn diện nhất để khôi phục 100% tình trạng đế giày bị ố vàng, ngả màu (đặc biệt là các dòng giày Nike AF1, Adidas Boost, v.v...). 100% sử dụng sơn Angelus cao cấp nhập khẩu. Phủ finisher gia cố, bảo vệ màu theo thời gian. Bảo hành xuyên suốt 30 ngày.', 400000, 'https://laundryservicebucket.s3.ca-east-006.backblazeb2.com/extras/093edd29-d11a-48cf-8e32-34d2a020e37a.jpg', '2025-03-16 07:22:38.381748+00');
INSERT INTO public.extras (extraid, extracategoryid, name, description, price, image, createdat) VALUES ('0be1a45b-7329-42e6-9355-9a818ca182c4', '7a2d5fc9-82bc-40aa-b856-e4f802fda7eb', 'Nhuộm thân giày', 'Liên hệ để được tư vấn bảng màu chi tiết', 500000, 'https://laundryservicebucket.s3.ca-east-006.backblazeb2.com/extras/8dae86d9-2d22-46d3-9d59-8e9eb750909e.webp', '2025-03-16 07:24:21.530189+00');
INSERT INTO public.extras (extraid, extracategoryid, name, description, price, image, createdat) VALUES ('8169375d-98a0-4909-9859-89129f2ab950', '7a2d5fc9-82bc-40aa-b856-e4f802fda7eb', 'Đánh xi giày tây', '100% sử dụng xi cao cấp, nhập khẩu từ Pháp (thương hiệu tốt nhất dành cho các dòng giày da).', 120000, 'https://laundryservicebucket.s3.ca-east-006.backblazeb2.com/extras/42bb038f-ed0d-4fa1-9d00-fc240970f60f.webp', '2025-03-16 07:25:44.595458+00');
INSERT INTO public.extras (extraid, extracategoryid, name, description, price, image, createdat) VALUES ('6a8aa061-a3eb-469c-9db9-b6a0c8d20cec', '7a2d5fc9-82bc-40aa-b856-e4f802fda7eb', 'Dán sole bảo vệ đế', 'Dán sole 3M nhập khẩu, giúp bảo vệ đế giày khỏi bụi bẩn, đất đá, chống trơn trượt.', 650000, 'https://laundryservicebucket.s3.ca-east-006.backblazeb2.com/extras/5067a355-c81a-4992-ad38-feed670fdfb8.png', '2025-03-16 07:26:59.872865+00');
INSERT INTO public.extras (extraid, extracategoryid, name, description, price, image, createdat) VALUES ('564c5a29-7d17-4b84-a10a-65f5f5502ab2', '7a2d5fc9-82bc-40aa-b856-e4f802fda7eb', 'Tẩy ố thân giày', 'Chỉ sử dụng các dung dịch cao cấp nhập khẩu (Json Markk, Crep Protect). Cam kết không dử dụng các chất tẩy mạnh ảnh hưởng đến chất liệu của giày.', 180000, 'https://laundryservicebucket.s3.ca-east-006.backblazeb2.com/extras/5ccb0afe-8179-4b12-87dd-7349f72dc8c3.jpg', '2025-03-16 07:29:17.631353+00');
INSERT INTO public.extras (extraid, extracategoryid, name, description, price, image, createdat) VALUES ('d49b4c52-304f-42ff-bca0-c929738f848f', '7a2d5fc9-82bc-40aa-b856-e4f802fda7eb', 'May đến giày chuyên nghiệp', 'Dành riêng cho giày bị tình trạng hở đế nặng, bong đế (không thể xử lý bằng phương pháp dán keo).', 250000, 'https://laundryservicebucket.s3.ca-east-006.backblazeb2.com/extras/a616c79b-e916-4a93-8fc5-125e3e563330.jpg', '2025-03-16 07:30:30.562624+00');
INSERT INTO public.extras (extraid, extracategoryid, name, description, price, image, createdat) VALUES ('7b97b54c-0dd0-43f9-940f-f14459bac6ac', '7a2d5fc9-82bc-40aa-b856-e4f802fda7eb', 'Dán keo giày chuyên nghiệp', 'Dành riêng cho các chi tiết giày bị hở keo, hở đế (mức độ nhẹ). Chỉ sử dụng keo 3M cao cấp, dành riêng để xử lý các chi tiết trên trang phục, giày dép.', 180000, 'https://laundryservicebucket.s3.ca-east-006.backblazeb2.com/extras/c3193bd3-188e-498c-aaf3-90760866cbb5.jpg', '2025-03-16 07:33:20.635643+00');
INSERT INTO public.extras (extraid, extracategoryid, name, description, price, image, createdat) VALUES ('6efcd736-edf5-479b-95c9-ae09c20326e3', '7a2d5fc9-82bc-40aa-b856-e4f802fda7eb', 'Dưỡng phục hồi da', 'Tăng dưỡng chất và độ ẩm cho đồ da bằng xi dưỡng + đánh thêm xi màu/ xi bóng.', 500000, 'https://laundryservicebucket.s3.ca-east-006.backblazeb2.com/extras/4f51d169-7923-4478-bf81-f4419c77916a.webp', '2025-03-16 07:40:15.909311+00');
INSERT INTO public.extras (extraid, extracategoryid, name, description, price, image, createdat) VALUES ('2d88740e-8a95-4ad8-b80d-45b72aabc76c', '621e3ce0-843e-47c3-981a-e018792f1ba6', 'Chất liệu đặc biệt', 'Chăm sóc đặc biệt chất liệu đặc biệt: da lộn, da trơn, lông, lụa, áo phao, dạ, tơ tằm.', 50000, 'https://laundryservicebucket.s3.ca-east-006.backblazeb2.com/extras/cbde768c-754a-40b7-a644-bc05e145312d.jpg', '2025-03-16 07:42:36.326923+00');
INSERT INTO public.extras (extraid, extracategoryid, name, description, price, image, createdat) VALUES ('ad0f4979-4bb6-4b6b-8d02-f651ea95dc77', '621e3ce0-843e-47c3-981a-e018792f1ba6', 'Độ dài váy', 'Chân váy dài qua đầu gối (có độ dài hơn 60cm)', 29000, 'https://laundryservicebucket.s3.ca-east-006.backblazeb2.com/extras/cfda753f-75b1-41ed-ab26-3fff80b06d61.webp', '2025-03-16 07:45:31.000157+00');
INSERT INTO public.extras (extraid, extracategoryid, name, description, price, image, createdat) VALUES ('55178791-2426-4794-83cd-b4b9da0f64a4', '621e3ce0-843e-47c3-981a-e018792f1ba6', 'Đuôi áo dài/ đầm dài', 'Áp dụng cho áo dài/ đầm có phần đuôi dài qua mắt cá chân > 50cm', 100000, 'https://laundryservicebucket.s3.ca-east-006.backblazeb2.com/extras/1ba516bb-8f99-4e60-af68-83110d7e6ee4.webp', '2025-03-16 07:50:28.4053+00');
INSERT INTO public.extras (extraid, extracategoryid, name, description, price, image, createdat) VALUES ('e2866266-06f8-487e-909e-a14eea3cec2a', '621e3ce0-843e-47c3-981a-e018792f1ba6', 'Đuôi áo ngắn/ đầm ngắn', 'Áp dụng cho áo dài/ đầm có phần đuôi dài không qua mắt cá chân ≤ 50cm', 50000, 'https://laundryservicebucket.s3.ca-east-006.backblazeb2.com/extras/f4bf9ebe-0641-4dc3-9707-2433dedba1f0.webp', '2025-03-16 07:51:47.008563+00');
INSERT INTO public.extras (extraid, extracategoryid, name, description, price, image, createdat) VALUES ('a6b22047-6ce2-4002-b694-878e59e6e6ae', '621e3ce0-843e-47c3-981a-e018792f1ba6', 'Tùng váy', 'Khung riêng giúp làm phồng đầm', 50000, 'https://laundryservicebucket.s3.ca-east-006.backblazeb2.com/extras/4df8a9e5-3f19-46e7-924c-d834b5521fac.webp', '2025-03-16 07:53:07.853111+00');
INSERT INTO public.extras (extraid, extracategoryid, name, description, price, image, createdat) VALUES ('c823428d-229f-433b-a4fc-9a3c1d81f738', '621e3ce0-843e-47c3-981a-e018792f1ba6', 'Khăn trùm đầu', NULL, 50000, 'https://laundryservicebucket.s3.ca-east-006.backblazeb2.com/extras/9663bf0c-7835-48fe-8fb8-6eac6c51d4ff.jpg', '2025-03-16 07:54:30.86362+00');
INSERT INTO public.extras (extraid, extracategoryid, name, description, price, image, createdat) VALUES ('749a2ed1-5430-43fa-9067-b73f4e213626', '621e3ce0-843e-47c3-981a-e018792f1ba6', 'Nhiều lớp váy', 'Áp dụng đối với đầm có nhiều ≥ 3 lớp váy', 50000, 'https://laundryservicebucket.s3.ca-east-006.backblazeb2.com/extras/535a3674-405f-45ea-b747-3f45ca5761b4.jpg', '2025-03-16 07:57:10.302725+00');
INSERT INTO public.extras (extraid, extracategoryid, name, description, price, image, createdat) VALUES ('6ef24c20-ab65-4631-b986-227dcb6c1c19', '621e3ce0-843e-47c3-981a-e018792f1ba6', 'Đai đầm', 'Đai đầm rời', 50000, 'https://laundryservicebucket.s3.ca-east-006.backblazeb2.com/extras/8f330f4f-673b-4ce3-8851-509f135f4f14.jpg', '2025-03-16 07:58:49.14117+00');
INSERT INTO public.extras (extraid, extracategoryid, name, description, price, image, createdat) VALUES ('f4547290-e2cc-4a59-9f31-f42a15336beb', '621e3ce0-843e-47c3-981a-e018792f1ba6', 'Họa tiết ren/ cườm', 'Có họa tiết bằng vải ren hoặc đính cườm.', 50000, 'https://laundryservicebucket.s3.ca-east-006.backblazeb2.com/extras/71142f0d-5763-4f46-a92f-6d824298b36b.png', '2025-03-16 08:00:35.99024+00');
INSERT INTO public.extras (extraid, extracategoryid, name, description, price, image, createdat) VALUES ('9fb09da6-64a6-413e-86b0-d9b458d3f5c2', '621e3ce0-843e-47c3-981a-e018792f1ba6', 'Mấn đội đầu', 'Mấn đội đầu của áo dài', 50000, 'https://laundryservicebucket.s3.ca-east-006.backblazeb2.com/extras/d450b706-5806-4b4e-a3ee-2f43e5078477.jpg', '2025-03-16 08:02:07.315359+00');
INSERT INTO public.extras (extraid, extracategoryid, name, description, price, image, createdat) VALUES ('bf85a921-b50d-4534-80be-6f3dc9bd061f', '621e3ce0-843e-47c3-981a-e018792f1ba6', 'Nhãn hiệu cao cấp (nhóm 1)', NULL, 50000, 'https://laundryservicebucket.s3.ca-east-006.backblazeb2.com/extras/d43b960b-dc7b-4fa9-9111-8e09ed201f9f.webp', '2025-03-16 08:05:39.791563+00');
INSERT INTO public.extras (extraid, extracategoryid, name, description, price, image, createdat) VALUES ('8740bd59-11db-4ee0-aa3a-3aecadabc88b', '621e3ce0-843e-47c3-981a-e018792f1ba6', 'Nhãn hiệu cao cấp (nhóm 3)', 'Bao gồm thương hiệu Hermes. Chăm sóc đặc biệt chất liệu da thuộc thảo mộc cao cấp đặc trưng của Hermes với thợ tay nghề chuyên môn cao, dung dịch vệ sinh đặc thù chuyên biệt.', 700000, 'https://laundryservicebucket.s3.ca-east-006.backblazeb2.com/extras/8b3be43e-330d-472f-97e6-0211c15ebc66.webp', '2025-03-16 08:06:57.379674+00');
INSERT INTO public.extras (extraid, extracategoryid, name, description, price, image, createdat) VALUES ('a8f2f236-7b96-45b6-bf2e-85dcb62896ac', '621e3ce0-843e-47c3-981a-e018792f1ba6', 'Nhãn hiệu cao cấp (nhóm 2)', 'Bao gồm thương hiệu Louis Vuitton, Gucci, Burberry, YSL, Fendi, Marc Jacob, Chanel, Prada, v.v... (không bao gồm Hermes). Chăm sóc tỉ mỉ với thợ tay nghề chuyên môn cao, dung dịch vệ sinh đặc thù chuyên biệt.', 500000, 'https://laundryservicebucket.s3.ca-east-006.backblazeb2.com/extras/e93ecae7-a272-4346-807a-952380b4d890.webp', '2025-03-16 08:09:44.520141+00');

----------------------
INSERT INTO public.servicecategories (categoryid, name, icon, banner, createdat) VALUES ('2ca8e4d2-cd77-462b-90fa-68cca4badfed', 'Giặt khô', 'https://laundryservicebucket.s3.ca-east-006.backblazeb2.com/system-image/376ff33b-1f34-4505-aebb-f5ab65522b0d.png', NULL, '2025-02-28 07:11:08.515338+00');
INSERT INTO public.servicecategories (categoryid, name, icon, banner, createdat) VALUES ('ec6e1749-46ac-4df7-8ceb-f263fd1f8229', 'Giặt giày', 'https://laundryservicebucket.s3.ca-east-006.backblazeb2.com/system-image/b6cb248b-ba34-4852-a6d1-024321336801.png', NULL, '2025-02-28 07:12:17.840133+00');
INSERT INTO public.servicecategories (categoryid, name, icon, banner, createdat) VALUES ('87e3f9f6-e736-48b5-9195-31fa32dfe528', 'Giặt sấy', 'https://laundryservicebucket.s3.ca-east-006.backblazeb2.com/system-image/77fa6195-cb04-4cea-912e-b1cdbcc4d4c1.png', NULL, '2025-02-28 07:08:36.00399+00');
INSERT INTO public.servicecategories (categoryid, name, icon, banner, createdat) VALUES ('8374aea2-cf41-4422-af06-0f8308fa603a', 'tesstttt', 'https://laundryservicebucket.s3.ca-east-006.backblazeb2.com/system-image/b7112c75-39a2-4710-b23f-03285280a381.jpg', NULL, '2025-03-16 03:01:58.312053+00');

----------------------
INSERT INTO public.subservices (subserviceid, categoryid, name, description, mincompletetime, createdat) VALUES ('a5902e35-ca81-4362-a433-5a328fd52c3e', '87e3f9f6-e736-48b5-9195-31fa32dfe528', 'Ủi', NULL, NULL, '2025-03-01 19:31:25.269525+00');
INSERT INTO public.subservices (subserviceid, categoryid, name, description, mincompletetime, createdat) VALUES ('d2544b26-4de6-48d0-aedb-f96ed9a38bb1', '87e3f9f6-e736-48b5-9195-31fa32dfe528', 'Giặt sấy', NULL, NULL, '2025-03-01 19:30:55.841944+00');
INSERT INTO public.subservices (subserviceid, categoryid, name, description, mincompletetime, createdat) VALUES ('7a3a80c0-8f32-49ee-9b4b-6b728d232816', 'ec6e1749-46ac-4df7-8ceb-f263fd1f8229', 'Vệ sinh giày cơ bản', NULL, NULL, '2025-03-11 19:00:21.722309+00');
INSERT INTO public.subservices (subserviceid, categoryid, name, description, mincompletetime, createdat) VALUES ('b04c9507-8365-4b49-9f8a-fca90d1dd3d5', 'ec6e1749-46ac-4df7-8ceb-f263fd1f8229', 'Chăm sóc - Phục hồi giày chuyên sâu', NULL, NULL, '2025-03-11 19:00:42.429536+00');
INSERT INTO public.subservices (subserviceid, categoryid, name, description, mincompletetime, createdat) VALUES ('a0f99930-8209-4805-9aa6-56d4b5a99667', '2ca8e4d2-cd77-462b-90fa-68cca4badfed', 'Áo', NULL, NULL, '2025-03-12 03:59:49.894801+00');
INSERT INTO public.subservices (subserviceid, categoryid, name, description, mincompletetime, createdat) VALUES ('eb6442bb-4e7e-4fe1-b33b-10ca60da77d2', '2ca8e4d2-cd77-462b-90fa-68cca4badfed', 'Đồ vest', NULL, NULL, '2025-03-12 04:00:05.91888+00');
INSERT INTO public.subservices (subserviceid, categoryid, name, description, mincompletetime, createdat) VALUES ('0a6e9960-0e5c-4ca2-9f83-d06a23b4c21b', '2ca8e4d2-cd77-462b-90fa-68cca4badfed', 'Quần', NULL, NULL, '2025-03-12 04:00:14.307591+00');
INSERT INTO public.subservices (subserviceid, categoryid, name, description, mincompletetime, createdat) VALUES ('2a01682b-9839-41fb-854a-84055867b6f1', '2ca8e4d2-cd77-462b-90fa-68cca4badfed', 'Đầm - Áo dài', NULL, NULL, '2025-03-12 04:00:25.715516+00');
INSERT INTO public.subservices (subserviceid, categoryid, name, description, mincompletetime, createdat) VALUES ('e5865b77-9634-4f10-b3c1-aa79474bae9f', '2ca8e4d2-cd77-462b-90fa-68cca4badfed', 'Chăn drap - Thú nhồi bông', NULL, NULL, '2025-03-12 04:00:44.799669+00');
INSERT INTO public.subservices (subserviceid, categoryid, name, description, mincompletetime, createdat) VALUES ('1c0dfaa4-9b6d-479f-ae7f-93e160647cf1', '2ca8e4d2-cd77-462b-90fa-68cca4badfed', 'Túi - Balo - Vali', NULL, NULL, '2025-03-12 04:01:04.157015+00');
INSERT INTO public.subservices (subserviceid, categoryid, name, description, mincompletetime, createdat) VALUES ('affcf97c-bc83-4ce6-a53b-da78fc376e02', '2ca8e4d2-cd77-462b-90fa-68cca4badfed', 'Phụ kiện - Đồ đặc biệt', NULL, NULL, '2025-03-12 04:01:20.847149+00');
INSERT INTO public.subservices (subserviceid, categoryid, name, description, mincompletetime, createdat) VALUES ('72a01611-1acb-4073-a706-1d4897af1dcd', '8374aea2-cf41-4422-af06-0f8308fa603a', 'test-123123', NULL, NULL, '2025-03-20 04:59:35.192919+00');
INSERT INTO public.subservices (subserviceid, categoryid, name, description, mincompletetime, createdat) VALUES ('96551aba-ee0f-4e95-bba8-b955db9129bc', '8374aea2-cf41-4422-af06-0f8308fa603a', 'test5-update', NULL, NULL, '2025-03-20 05:41:10.596734+00');
INSERT INTO public.subservices (subserviceid, categoryid, name, description, mincompletetime, createdat) VALUES ('17b2cab7-468f-4ef8-b882-cff22bb58c25', '8374aea2-cf41-4422-af06-0f8308fa603a', 'aaa-updateaa1', NULL, NULL, '2025-03-20 05:44:44.357478+00');
INSERT INTO public.subservices (subserviceid, categoryid, name, description, mincompletetime, createdat) VALUES ('54b4b556-9ba1-4b32-9440-6e3f5d758297', '8374aea2-cf41-4422-af06-0f8308fa603a', 'bbbbbb - update-234', NULL, NULL, '2025-03-20 09:07:02.491103+00');

----------------------
INSERT INTO public.servicedetails (serviceid, subserviceid, name, description, price, image, createdat) VALUES ('f083b8d8-0a79-4d46-bf8d-22fe5b29274d', 'd2544b26-4de6-48d0-aedb-f96ed9a38bb1', 'ECO', 'Gói 1 lần giặt sấy, tối đa 6kg/lần giặt sấy.', 120000, 'https://laundryservicebucket.s3.ca-east-006.backblazeb2.com/service-details/04267b0e-006e-4b5e-aace-724f686471d4.png', '2025-03-01 20:04:54.061493+00');
INSERT INTO public.servicedetails (serviceid, subserviceid, name, description, price, image, createdat) VALUES ('5b9dc551-a854-4bb4-9b65-84e5241f7a25', 'd2544b26-4de6-48d0-aedb-f96ed9a38bb1', 'Giặt thêm', 'Giặt thêm/ riêng đồ trắng (dưới 3kg)', 60000, 'https://laundryservicebucket.s3.ca-east-006.backblazeb2.com/service-details/ee38229d-ae54-4654-9a5f-b70bd908e89b.png', '2025-03-01 21:17:32.843133+00');
INSERT INTO public.servicedetails (serviceid, subserviceid, name, description, price, image, createdat) VALUES ('c55baff3-7cf5-4588-97e5-68deb7855609', 'a5902e35-ca81-4362-a433-5a328fd52c3e', 'Ủi xếp', 'Ủi thẳng đồ và đóng bao khi giao. Tính theo món đồ', 15000, 'https://laundryservicebucket.s3.ca-east-006.backblazeb2.com/service-details/819595a6-97d3-47d7-adf3-7d3bfc10935c.png', '2025-03-01 21:21:23.123974+00');
INSERT INTO public.servicedetails (serviceid, subserviceid, name, description, price, image, createdat) VALUES ('c9656dc9-4fe2-43c8-b6bb-f930cc12fc5e', '7a3a80c0-8f32-49ee-9b4b-6b728d232816', 'Vệ sinh toàn diện giày cao gót, giày búp bê', '✓ Vệ sinh tỉ mỉ từng họa tiết phức tạp, kim tuyến, cườm, đính đá trên các dòng giày cao gót, búp bê.
✓ Tùy theo chất liệu da trơn, da thuộc, vải - giày sẽ được vệ sinh với quy trình và dung dịch vệ sinh phù hợp nhất. 
✓ Khử mùi mồ hôi, ẩm mốc bằng máy chiếu tia UV. Kéo dài vẻ đẹp và tuổi thọ của giày. 
✓ Mỗi đôi giày được đóng gói kèm theo gói hút ẩm và nước hoa, giúp bảo quản và lưu hương dễ chịu cho đôi giày.', 139000, 'https://laundryservicebucket.s3.ca-east-006.backblazeb2.com/service-details/9124f605-b9a0-4838-b194-8174ef32ffa2.jpg', '2025-03-11 19:47:06.765157+00');
INSERT INTO public.servicedetails (serviceid, subserviceid, name, description, price, image, createdat) VALUES ('a6277138-3952-4313-a2c1-26abec65849b', '7a3a80c0-8f32-49ee-9b4b-6b728d232816', 'Vệ sinh giày toàn diện', '✓ 100% vệ sinh thủ công bằng dung dịch cao cấp nhập khẩu (Jason Markk, Crep Protect).
✓ Giày sạch thơm như mới với quy trình 5 bước tiêu chuẩn gồm: gắn tag định danh, vệ sinh toàn diện cho giày, hấp khử mùi bằng tia UV, kiểm tra chất lượng sau khi xử lý.
✓ Mỗi đôi giày được đóng gói kèm theo gói hút ẩm và nước hoa, giúp bảo quản và lưu hương dễ chịu cho đôi giày.
✓ 99.7% khách hàng yêu thích và hài lòng sau khi sử dụng.', 139000, 'https://laundryservicebucket.s3.ca-east-006.backblazeb2.com/service-details/4f14a7d8-a09f-4bef-a607-06d60dd3eadf.jpg', '2025-03-11 19:16:19.78182+00');
INSERT INTO public.servicedetails (serviceid, subserviceid, name, description, price, image, createdat) VALUES ('c8511b9d-fe71-477c-b4e1-0a7cab71f9e8', '7a3a80c0-8f32-49ee-9b4b-6b728d232816', 'Vệ sinh toàn diện giày da lộn', '✓ 100% vệ sinh khô chất liệu da lộn, nubuck với dung dịch vệ sinh chuyên dụng cao cấp.
✓ Hạn chế đến 99% việc khô cứng da, xù lông sau khi vệ sinh.
✓ Mỗi đôi giày được đóng gói kèm theo gói hút ẩm và nước hoa, giúp bảo quản và lưu hương dễ chịu cho đôi giày.', 209000, 'https://laundryservicebucket.s3.ca-east-006.backblazeb2.com/service-details/87f4cd9a-3e9f-4c58-9db3-f3c822986ce7.jpg', '2025-03-11 19:37:26.044841+00');
INSERT INTO public.servicedetails (serviceid, subserviceid, name, description, price, image, createdat) VALUES ('96705800-7164-4765-a286-f42c398bb611', '7a3a80c0-8f32-49ee-9b4b-6b728d232816', 'Vệ sinh toàn diện giày boots da', '✓ Dành riêng các dòng giày boots như Chelsea, Timberland, Dr. Martens v.v... 
✓ 100% vệ sinh thủ công với xi Saphir cao cấp nhập khẩu từ Pháp (thương hiệu tốt nhất dành cho các dòng giày da).
✓ Đã bao gồm một lớp xi dưỡng mỏng bảo vệ giày da toàn diện, làm mềm bề mặt, cải thiện nếp nhăn. 
✓ Mỗi đôi giày được đóng gói kèm theo gói hút ẩm và nước hoa, giúp bảo quản và lưu hương dễ chịu cho đôi giày.', 139000, 'https://laundryservicebucket.s3.ca-east-006.backblazeb2.com/service-details/095b037c-65ba-41f3-aae4-927f2e839b7f.jpg', '2025-03-11 19:50:00.731216+00');
INSERT INTO public.servicedetails (serviceid, subserviceid, name, description, price, image, createdat) VALUES ('d00ad3ea-6960-4228-b79e-81c60c364f69', '7a3a80c0-8f32-49ee-9b4b-6b728d232816', 'Vệ sinh toàn diện giày da, giày tây', '✓ 100% vệ sinh thủ công bởi nghệ nhân tâm huyết, có nhiều năm kinh nghiệm. 
✓ 100% vệ sinh thủ công với xi Saphir cao cấp nhập khẩu từ Pháp (thương hiệu tốt nhất dành cho các dòng giày da). 
✓ Đã bao gồm một lớp xi dưỡng mỏng bảo vệ giày da toàn diện, làm mềm bề mặt, cải thiện nếp nhăn. 
✓ Mỗi đôi giày được đóng gói kèm theo gói hút ẩm và nước hoa, giúp bảo quản và lưu hương dễ chịu cho đôi giày.', 209000, 'https://laundryservicebucket.s3.ca-east-006.backblazeb2.com/service-details/c0f6ccb3-e153-4368-8b7b-6a9b1c7f66b8.webp', '2025-03-11 19:54:38.484701+00');
INSERT INTO public.servicedetails (serviceid, subserviceid, name, description, price, image, createdat) VALUES ('cbbf83c4-463f-464e-8e4a-6b4cbbe4b70e', '7a3a80c0-8f32-49ee-9b4b-6b728d232816', 'Vệ sinh toàn diện giày cao cấp', '✓ Gói chăm sóc đặc biệt bởi các kỹ thuật viên nhiều năm kinh nghiệm và am hiểu tường tận về tính chất của các món đồ từ thương hiệu cao cấp.
✓ 100% vệ sinh thủ công bằng dung dịch cao cấp nhập khâu (Jason Markk, Crep Protect) 
✓ Bảo vệ giày tối đa (khuyên dùng đối với các dòng giày luxury). Giúp giày sạch thơm toàn diện như thuở ban đầu.
✓ Mỗi đôi giày được đóng gói kèm theo gói hút ẩm và nước hoa, giúp bảo quản và lưu hương dễ chịu cho đôi giày.', 219000, 'https://laundryservicebucket.s3.ca-east-006.backblazeb2.com/service-details/944a185e-dbc7-4532-912d-29ef8bcb580f.jpg', '2025-03-11 20:02:05.893116+00');
INSERT INTO public.servicedetails (serviceid, subserviceid, name, description, price, image, createdat) VALUES ('270a1a88-61c8-41ce-9303-bda6bd422f18', '7a3a80c0-8f32-49ee-9b4b-6b728d232816', 'Vệ sinh toàn diện giày sneaker cổ cao', '✓ 100% vệ sinh thủ công bằng dung dịch cao cấp nhập khẩu (Jason Markk, Crep Protect).
✓ Giày sạch thơm như mới với quy trình 5 bước tiêu chuẩn gồm: gắn tag định danh, vệ sinh toàn diện cho giày, hấp khử mùi bằng tia UV, kiểm tra chất lượng sau khi xử lý.
✓ Mỗi đôi giày được đóng gói kèm theo gói hút ẩm và nước hoa, giúp bảo quản và lưu hương dễ chịu cho đôi giày.
✓ 99.7% khách hàng yêu thích và hài lòng sau khi sử dụng', 209000, 'https://laundryservicebucket.s3.ca-east-006.backblazeb2.com/service-details/ea0185e1-05c0-40c6-b7de-d292d1cd2db4.webp', '2025-03-11 20:05:30.765148+00');
INSERT INTO public.servicedetails (serviceid, subserviceid, name, description, price, image, createdat) VALUES ('9e8bf333-79f4-4978-813c-bf2c51f41163', 'b04c9507-8365-4b49-9f8a-fca90d1dd3d5', 'Vệ sinh toàn diện & Sơn đế giày', '✓ Giải pháp toàn diện nhất để khôi phục 100% tình trạng đế giày bị ố vàng, ngả màu (đặc biệt là các dòng giày Nike AF1, Adidas Boost, v.v...) 
✓ 100% sử dụng sơn Angelus cao cấp nhập khẩu. Phủ finisher gia cố, bảo vệ màu theo thời gian 
✓ Đã bao gồm gói vệ sinh giày toàn diện (trị giá 139,000₫) 
✓ Bảo hành xuyên suốt 30 ngày', 539000, 'https://laundryservicebucket.s3.ca-east-006.backblazeb2.com/service-details/de5b860d-fc56-4a78-9db1-3782bd5ff0a3.jpg', '2025-03-12 10:43:13.423053+00');
INSERT INTO public.servicedetails (serviceid, subserviceid, name, description, price, image, createdat) VALUES ('06595427-448c-4425-b097-320ac0a714ed', 'b04c9507-8365-4b49-9f8a-fca90d1dd3d5', 'Vệ sinh toàn diện & tẩy ố thân giày', '✓ Làm sạch từ 90 - 100% các vết ố vàng, ố màu trên thân giày 
✓ Chỉ sử dụng các dung dịch cao cấp nhập khẩu (Jason Markk, Crep Protect). Cam kết không sử dụng các chất tẩy mạnh ảnh hưởng đến chất liệu của giày 
✓ Đã bao gồm gói vệ sinh giày toàn diện (trị giá 139,000₫) 
✓ Giúp giày trắng sáng như mới. Khôi phục vẻ đẹp như thuở ban đầu', 319000, 'https://laundryservicebucket.s3.ca-east-006.backblazeb2.com/service-details/5572d36c-24e9-4511-96b8-5711c89a6a8f.png', '2025-03-12 10:49:32.477125+00');
INSERT INTO public.servicedetails (serviceid, subserviceid, name, description, price, image, createdat) VALUES ('e74dab47-fde3-48da-b39d-50313ca6e1d5', 'a5902e35-ca81-4362-a433-5a328fd52c3e', 'Ủi treo - Đầm ngắn', 'Tính theo món đồ', 35000, 'https://laundryservicebucket.s3.ca-east-006.backblazeb2.com/service-details/f0341847-cec9-4cca-84b2-6e61cef1da7b.png', '2025-03-12 04:11:10.088182+00');
INSERT INTO public.servicedetails (serviceid, subserviceid, name, description, price, image, createdat) VALUES ('a19900d9-8148-45e0-87ee-58cc8dd139a1', 'b04c9507-8365-4b49-9f8a-fca90d1dd3d5', 'Vệ sinh toàn diện & Sơn nhuộm giày', '✓ 100% sử dụng sơn Angelus cao cấp nhập khẩu, mang đến vẻ đẹp tự nhiên và bền theo thời gian 
✓ Đã bao gồm gói vệ sinh giày toàn diện (trị giá 139,000₫) 
✓ Bảo hành xuyên suốt 30 ngày 
✓ Liên hệ để được tư vấn bảng màu chi tiết', 639000, 'https://laundryservicebucket.s3.ca-east-006.backblazeb2.com/service-details/a74b69b6-924d-4a7e-ac3b-45dc609a2c34.png', '2025-03-12 10:53:20.870634+00');
INSERT INTO public.servicedetails (serviceid, subserviceid, name, description, price, image, createdat) VALUES ('71f6b0b0-afae-4a47-8cde-ed15acfc3487', 'a5902e35-ca81-4362-a433-5a328fd52c3e', 'Ủi treo - Áo sơ mi', 'Tính theo món đồ', 35000, 'https://laundryservicebucket.s3.ca-east-006.backblazeb2.com/service-details/6af9259f-ba78-4542-b149-66966c703bb0.png', '2025-03-12 04:10:35.898163+00');
INSERT INTO public.servicedetails (serviceid, subserviceid, name, description, price, image, createdat) VALUES ('46cf6ec7-57d3-4a1f-aa25-8aa0d14260eb', 'a5902e35-ca81-4362-a433-5a328fd52c3e', 'Ủi treo - Chân váy', 'Tính theo món đồ', 35000, 'https://laundryservicebucket.s3.ca-east-006.backblazeb2.com/service-details/3bede979-d147-48fd-9248-2ff0865e20b9.png', '2025-03-12 04:11:31.544645+00');
INSERT INTO public.servicedetails (serviceid, subserviceid, name, description, price, image, createdat) VALUES ('5490c6e4-beed-487a-9cc3-3997327dcc81', 'a5902e35-ca81-4362-a433-5a328fd52c3e', 'Ủi treo - Đầm midi', 'Tính theo món đồ', 75000, 'https://laundryservicebucket.s3.ca-east-006.backblazeb2.com/service-details/99007bc5-7a85-4c58-8ecd-54827a13abf6.png', '2025-03-12 04:11:55.872101+00');
INSERT INTO public.servicedetails (serviceid, subserviceid, name, description, price, image, createdat) VALUES ('e8ed31e8-0fcc-41e6-abb0-daeaee307489', 'a5902e35-ca81-4362-a433-5a328fd52c3e', 'Ủi treo - Quần ngắn', 'Tính theo món đồ', 35000, 'https://laundryservicebucket.s3.ca-east-006.backblazeb2.com/service-details/d271087a-753e-48df-a68e-174a7b170307.png', '2025-03-12 04:12:13.809945+00');
INSERT INTO public.servicedetails (serviceid, subserviceid, name, description, price, image, createdat) VALUES ('f5ca0636-2568-42fd-b218-f9b6f40bf13a', 'a5902e35-ca81-4362-a433-5a328fd52c3e', 'Ủi treo - Đồ bay', 'Tính theo món đồ', 80000, 'https://laundryservicebucket.s3.ca-east-006.backblazeb2.com/service-details/f011cc36-93c3-49ef-a845-0b7f9878a649.png', '2025-03-12 04:12:26.124282+00');
INSERT INTO public.servicedetails (serviceid, subserviceid, name, description, price, image, createdat) VALUES ('9b28a3d9-8090-4423-91e0-17400ef28d12', 'a5902e35-ca81-4362-a433-5a328fd52c3e', 'Ủi treo - Áo khoác dài', 'Tính theo món đồ', 100000, 'https://laundryservicebucket.s3.ca-east-006.backblazeb2.com/service-details/ade69253-4baa-456f-a90c-c8f3dd4bffc1.png', '2025-03-12 04:12:44.126599+00');
INSERT INTO public.servicedetails (serviceid, subserviceid, name, description, price, image, createdat) VALUES ('ba0b10dd-bff7-4825-bf75-f30b24eb9ee8', 'a5902e35-ca81-4362-a433-5a328fd52c3e', 'Ủi treo - Áo khoác ngắn', 'Tính theo món đồ', 100000, 'https://laundryservicebucket.s3.ca-east-006.backblazeb2.com/service-details/8cdc423f-4069-46c7-b9ec-08db5992e277.png', '2025-03-12 04:12:53.04891+00');
INSERT INTO public.servicedetails (serviceid, subserviceid, name, description, price, image, createdat) VALUES ('29581379-881e-4685-a480-9c038bb34985', 'a5902e35-ca81-4362-a433-5a328fd52c3e', 'Ủi treo - Áo vest', 'Tính theo món đồ', 75000, 'https://laundryservicebucket.s3.ca-east-006.backblazeb2.com/service-details/8ac5748a-e4eb-4a4f-86f7-32d2787936b9.png', '2025-03-12 04:13:12.017795+00');
INSERT INTO public.servicedetails (serviceid, subserviceid, name, description, price, image, createdat) VALUES ('9acc7d79-f350-47a5-a159-c0ad3fa3f429', 'a0f99930-8209-4805-9aa6-56d4b5a99667', 'Sơ mi/ Áo thun', NULL, 70000, 'https://laundryservicebucket.s3.ca-east-006.backblazeb2.com/service-details/d0f483a4-2595-4023-80c8-2322325f2bdb.webp', '2025-03-12 04:21:28.194392+00');
INSERT INTO public.servicedetails (serviceid, subserviceid, name, description, price, image, createdat) VALUES ('66e6cddb-673e-47fc-8f13-df588d7a41a5', 'a0f99930-8209-4805-9aa6-56d4b5a99667', 'Áo khoác ngắn', NULL, 150000, 'https://laundryservicebucket.s3.ca-east-006.backblazeb2.com/service-details/71ed9678-4645-4caf-a7f2-4fde76b20dc2.webp', '2025-03-12 04:22:43.25457+00');
INSERT INTO public.servicedetails (serviceid, subserviceid, name, description, price, image, createdat) VALUES ('4eae0dfb-0788-48b1-bc9a-bfd52b550e6c', 'a0f99930-8209-4805-9aa6-56d4b5a99667', 'Áo khoác dài', NULL, 200000, 'https://laundryservicebucket.s3.ca-east-006.backblazeb2.com/service-details/8edd76fd-9419-4729-bd78-723fde02288a.jpg', '2025-03-12 04:24:04.208703+00');
INSERT INTO public.servicedetails (serviceid, subserviceid, name, description, price, image, createdat) VALUES ('509fd57e-cb01-48c6-90be-234f6f723322', 'a0f99930-8209-4805-9aa6-56d4b5a99667', 'Áo sweater, hoodie', NULL, 150000, 'https://laundryservicebucket.s3.ca-east-006.backblazeb2.com/service-details/7ca3167a-d4a9-4561-8c9c-5be4fa71a800.jpeg', '2025-03-12 04:25:38.335177+00');
INSERT INTO public.servicedetails (serviceid, subserviceid, name, description, price, image, createdat) VALUES ('4dc9a1da-2c8c-4988-ada2-2c9a25f86199', 'affcf97c-bc83-4ce6-a53b-da78fc376e02', 'Đồ lót', NULL, 15000, 'https://laundryservicebucket.s3.ca-east-006.backblazeb2.com/service-details/98bfd25a-7a3c-4284-beb3-9555ca92c3fe.webp', '2025-03-12 05:00:28.219234+00');
INSERT INTO public.servicedetails (serviceid, subserviceid, name, description, price, image, createdat) VALUES ('ce7dfc07-eedf-4dd8-827c-776a64bc9680', 'a5902e35-ca81-4362-a433-5a328fd52c3e', 'Ủi treo - Quần tây', 'Tính theo món đồ', 40000, 'https://laundryservicebucket.s3.ca-east-006.backblazeb2.com/service-details/9ab95075-d823-4c35-ae58-9eab6984943f.png', '2025-03-12 04:10:52.233878+00');
INSERT INTO public.servicedetails (serviceid, subserviceid, name, description, price, image, createdat) VALUES ('2f8bee0c-d767-491f-8c10-86877ae30f2a', 'eb6442bb-4e7e-4fe1-b33b-10ca60da77d2', 'Áo vest', NULL, 150000, 'https://laundryservicebucket.s3.ca-east-006.backblazeb2.com/service-details/6062b851-7f54-444f-b7fb-81d93dafa9a9.jpg', '2025-03-12 04:26:49.677747+00');
INSERT INTO public.servicedetails (serviceid, subserviceid, name, description, price, image, createdat) VALUES ('15398ce8-747d-4c95-badb-d62a6bfbb854', 'eb6442bb-4e7e-4fe1-b33b-10ca60da77d2', 'Ghi lê', NULL, 80000, 'https://laundryservicebucket.s3.ca-east-006.backblazeb2.com/service-details/152bcc0d-04f5-4f41-9b5d-2ed9104b7237.jpg', '2025-03-12 04:28:10.68036+00');
INSERT INTO public.servicedetails (serviceid, subserviceid, name, description, price, image, createdat) VALUES ('6031e6cd-7a21-4ea1-bf5b-b26759ad57e3', 'eb6442bb-4e7e-4fe1-b33b-10ca60da77d2', 'Bộ vest', NULL, 210000, 'https://laundryservicebucket.s3.ca-east-006.backblazeb2.com/service-details/83887a08-7e36-4f61-a3bb-116b75f48de0.jpg', '2025-03-12 04:29:52.51138+00');
INSERT INTO public.servicedetails (serviceid, subserviceid, name, description, price, image, createdat) VALUES ('66c976a7-82b9-469e-b4f7-3a9cc555fd80', '0a6e9960-0e5c-4ca2-9f83-d06a23b4c21b', 'Quần ngắn', NULL, 70000, 'https://laundryservicebucket.s3.ca-east-006.backblazeb2.com/service-details/f39697fd-b08c-4c9b-832f-fa2a1998fa3b.webp', '2025-03-12 04:30:24.759711+00');
INSERT INTO public.servicedetails (serviceid, subserviceid, name, description, price, image, createdat) VALUES ('49792678-5fc1-44ba-93cc-8aa52ea636be', '0a6e9960-0e5c-4ca2-9f83-d06a23b4c21b', 'Quần tây/ quần jean', NULL, 80000, 'https://laundryservicebucket.s3.ca-east-006.backblazeb2.com/service-details/c6a7d140-8a84-40f5-8179-d18294b39e00.webp', '2025-03-12 04:31:57.403289+00');
INSERT INTO public.servicedetails (serviceid, subserviceid, name, description, price, image, createdat) VALUES ('673cbba3-52b1-4e92-abca-ae62cf6ba74f', '0a6e9960-0e5c-4ca2-9f83-d06a23b4c21b', 'Chân váy', NULL, 70000, 'https://laundryservicebucket.s3.ca-east-006.backblazeb2.com/service-details/81399903-e668-4fd7-b093-f87ff2d0fe3a.webp', '2025-03-12 04:33:15.345657+00');
INSERT INTO public.servicedetails (serviceid, subserviceid, name, description, price, image, createdat) VALUES ('ace2602c-b706-4107-8bfc-11a798e135a5', '2a01682b-9839-41fb-854a-84055867b6f1', 'Đầm ngắn', NULL, 110000, 'https://laundryservicebucket.s3.ca-east-006.backblazeb2.com/service-details/854b326a-5c80-4570-a665-22847894fcf2.webp', '2025-03-12 04:34:06.835595+00');
INSERT INTO public.servicedetails (serviceid, subserviceid, name, description, price, image, createdat) VALUES ('28cdbeff-6c85-4135-8519-8df8bb0d2a3e', '2a01682b-9839-41fb-854a-84055867b6f1', 'Đầm dài', NULL, 220000, 'https://laundryservicebucket.s3.ca-east-006.backblazeb2.com/service-details/b0315f2d-6c8e-4595-877f-f1a68a63b449.webp', '2025-03-12 04:36:41.773362+00');
INSERT INTO public.servicedetails (serviceid, subserviceid, name, description, price, image, createdat) VALUES ('ecf2e10d-5087-4778-8398-069de68e596d', '2a01682b-9839-41fb-854a-84055867b6f1', 'Bộ áo dài', NULL, 200000, 'https://laundryservicebucket.s3.ca-east-006.backblazeb2.com/service-details/9829431c-af3c-44f4-b1c3-44c89a652e24.webp', '2025-03-12 04:39:36.884107+00');
INSERT INTO public.servicedetails (serviceid, subserviceid, name, description, price, image, createdat) VALUES ('7126e0a2-c7b7-404a-a615-c851618e3fd0', '2a01682b-9839-41fb-854a-84055867b6f1', 'Áo dài (tà áo)', NULL, 150000, 'https://laundryservicebucket.s3.ca-east-006.backblazeb2.com/service-details/adea124d-0368-49f7-bd99-232b75b2fb1f.webp', '2025-03-12 04:40:30.882942+00');
INSERT INTO public.servicedetails (serviceid, subserviceid, name, description, price, image, createdat) VALUES ('93c481ac-dcb3-4ced-a6ea-a6db181bb7bb', 'e5865b77-9634-4f10-b3c1-aa79474bae9f', 'Đồ vải (kg)', NULL, 60000, 'https://laundryservicebucket.s3.ca-east-006.backblazeb2.com/service-details/7bce3e06-005c-44c3-980e-c824da18752e.webp', '2025-03-12 04:45:23.214161+00');
INSERT INTO public.servicedetails (serviceid, subserviceid, name, description, price, image, createdat) VALUES ('822fffe0-dd37-4ff1-b2f9-261fde45fa66', 'e5865b77-9634-4f10-b3c1-aa79474bae9f', 'Thú nhồi bông (kg)', NULL, 60000, 'https://laundryservicebucket.s3.ca-east-006.backblazeb2.com/service-details/70cab5df-71bc-4891-8c44-0bcbd2bb3402.jpg', '2025-03-12 04:47:13.015973+00');
INSERT INTO public.servicedetails (serviceid, subserviceid, name, description, price, image, createdat) VALUES ('b37ea215-d661-4ed4-a86b-ee891a9fb0e9', 'e5865b77-9634-4f10-b3c1-aa79474bae9f', 'Gối cổ', NULL, 50000, 'https://laundryservicebucket.s3.ca-east-006.backblazeb2.com/service-details/d4ce97fd-a50b-4e81-8183-ccd1b0a81460.jpg', '2025-03-12 04:47:39.619091+00');
INSERT INTO public.servicedetails (serviceid, subserviceid, name, description, price, image, createdat) VALUES ('6ae785c4-0bef-450f-b66c-4ab09ec8bdeb', '1c0dfaa4-9b6d-479f-ae7f-93e160647cf1', 'Ví da - Nhỏ', NULL, 100000, 'https://laundryservicebucket.s3.ca-east-006.backblazeb2.com/service-details/fcf9b51a-37f2-46e4-b8d4-8df9d8a05404.jpg', '2025-03-12 04:48:26.041231+00');
INSERT INTO public.servicedetails (serviceid, subserviceid, name, description, price, image, createdat) VALUES ('cf7e2a44-5fc9-426e-9948-bdcf5ea6caaf', '1c0dfaa4-9b6d-479f-ae7f-93e160647cf1', 'Ví da - Lớn', NULL, 150000, 'https://laundryservicebucket.s3.ca-east-006.backblazeb2.com/service-details/6a28cd42-6583-4eaa-bce4-c1f23cb648f8.webp', '2025-03-12 04:51:21.417678+00');
INSERT INTO public.servicedetails (serviceid, subserviceid, name, description, price, image, createdat) VALUES ('0b40aa19-b3c3-4b79-8a7b-977ee81a7254', '1c0dfaa4-9b6d-479f-ae7f-93e160647cf1', 'Balo/ Túi xách cao cấp - Lớn', NULL, 550000, 'https://laundryservicebucket.s3.ca-east-006.backblazeb2.com/service-details/02c0364c-8bbd-40e3-876b-8c3df20c15ea.jpg', '2025-03-12 04:52:04.148336+00');
INSERT INTO public.servicedetails (serviceid, subserviceid, name, description, price, image, createdat) VALUES ('8ae9cee2-ce42-427c-a92b-e99b7b0375a5', '1c0dfaa4-9b6d-479f-ae7f-93e160647cf1', 'Balo/ Túi xách cao cấp - Nhỏ', NULL, 250000, 'https://laundryservicebucket.s3.ca-east-006.backblazeb2.com/service-details/3637c553-9c35-465d-ba78-5aa222138d7d.webp', '2025-03-12 04:52:21.803809+00');
INSERT INTO public.servicedetails (serviceid, subserviceid, name, description, price, image, createdat) VALUES ('710e75cb-855a-4e51-8968-3b37c8c37644', '1c0dfaa4-9b6d-479f-ae7f-93e160647cf1', 'Balo/ Túi xách cao cấp - Trung', NULL, 350000, 'https://laundryservicebucket.s3.ca-east-006.backblazeb2.com/service-details/6192b88d-f8a1-4229-9d76-e79469ee000e.webp', '2025-03-12 04:52:39.593577+00');
INSERT INTO public.servicedetails (serviceid, subserviceid, name, description, price, image, createdat) VALUES ('baddfd70-f1ec-4cd8-a1ab-3d09c23457be', '1c0dfaa4-9b6d-479f-ae7f-93e160647cf1', 'Balo/ Túi thông thường - Nhỏ', NULL, 120000, 'https://laundryservicebucket.s3.ca-east-006.backblazeb2.com/service-details/8de611ed-68d6-4e05-bcb4-5f67eacc47fb.webp', '2025-03-12 04:54:53.403262+00');
INSERT INTO public.servicedetails (serviceid, subserviceid, name, description, price, image, createdat) VALUES ('77ea2687-c756-4fc1-a26a-88a6df24ad62', '1c0dfaa4-9b6d-479f-ae7f-93e160647cf1', 'Balo/ Túi thông thường - Trung', NULL, 150000, 'https://laundryservicebucket.s3.ca-east-006.backblazeb2.com/service-details/f928d3d3-3948-44b8-95e1-94dbe194591e.webp', '2025-03-12 04:55:20.351346+00');
INSERT INTO public.servicedetails (serviceid, subserviceid, name, description, price, image, createdat) VALUES ('c3c10010-ccaa-4fe3-ba8d-673e36b01106', '1c0dfaa4-9b6d-479f-ae7f-93e160647cf1', 'Balo/ Túi thông thường - Ngoại cỡ', NULL, 200000, 'https://laundryservicebucket.s3.ca-east-006.backblazeb2.com/service-details/d4db6ca9-09db-4e1d-85d3-57f0171cf0f8.jpg', '2025-03-12 04:56:17.030796+00');
INSERT INTO public.servicedetails (serviceid, subserviceid, name, description, price, image, createdat) VALUES ('3baab57f-3b2c-463f-a6cf-b89693ade992', '1c0dfaa4-9b6d-479f-ae7f-93e160647cf1', 'Vali cabin', NULL, 200000, 'https://laundryservicebucket.s3.ca-east-006.backblazeb2.com/service-details/1d5d16ba-f2c0-40ae-9de9-1f6cc2d699f5.webp', '2025-03-12 04:56:45.514556+00');
INSERT INTO public.servicedetails (serviceid, subserviceid, name, description, price, image, createdat) VALUES ('4861fd9b-cbc4-46ca-97bc-aca86c3648b6', '1c0dfaa4-9b6d-479f-ae7f-93e160647cf1', 'Vali ký gửi', NULL, 300000, 'https://laundryservicebucket.s3.ca-east-006.backblazeb2.com/service-details/774944aa-f52a-402b-a806-731badc61348.jpg', '2025-03-12 04:57:03.487036+00');
INSERT INTO public.servicedetails (serviceid, subserviceid, name, description, price, image, createdat) VALUES ('e5367362-24b3-4bc3-bf11-92db4a27a100', 'affcf97c-bc83-4ce6-a53b-da78fc376e02', 'Cà vạt/ Nơ', NULL, 45000, 'https://laundryservicebucket.s3.ca-east-006.backblazeb2.com/service-details/53c564b5-6c0c-43af-a261-972ec89015bb.jpg', '2025-03-12 04:59:17.010902+00');
INSERT INTO public.servicedetails (serviceid, subserviceid, name, description, price, image, createdat) VALUES ('7ea6cf66-10e3-4cb0-aaf9-2b7f4850b4c7', 'affcf97c-bc83-4ce6-a53b-da78fc376e02', 'Vớ', NULL, 15000, 'https://laundryservicebucket.s3.ca-east-006.backblazeb2.com/service-details/19ddc7d7-9abe-4647-be39-8896da42043e.webp', '2025-03-12 05:00:57.247917+00');
INSERT INTO public.servicedetails (serviceid, subserviceid, name, description, price, image, createdat) VALUES ('bb4667bb-05c8-47ce-9756-1f5e63f0a9e4', 'affcf97c-bc83-4ce6-a53b-da78fc376e02', 'Găng tay', 'Găng tay da, len v.v.', 120000, 'https://laundryservicebucket.s3.ca-east-006.backblazeb2.com/service-details/7d3243da-06c9-467f-ad0b-684ed8e96fb6.jpg', '2025-03-12 05:02:41.71995+00');
INSERT INTO public.servicedetails (serviceid, subserviceid, name, description, price, image, createdat) VALUES ('0143c180-8270-4845-bc69-2d2213099b71', 'affcf97c-bc83-4ce6-a53b-da78fc376e02', 'Găng tay boxing', NULL, 170000, 'https://laundryservicebucket.s3.ca-east-006.backblazeb2.com/service-details/2bcf383d-9097-4a00-8282-120f5772344e.jpg', '2025-03-12 05:04:48.554635+00');
INSERT INTO public.servicedetails (serviceid, subserviceid, name, description, price, image, createdat) VALUES ('a5b04962-681e-452b-bd9d-db49a0f9984a', 'affcf97c-bc83-4ce6-a53b-da78fc376e02', 'Khăn quàng cổ', NULL, 120000, 'https://laundryservicebucket.s3.ca-east-006.backblazeb2.com/service-details/1bac4e7b-c6e8-4822-8413-99769f03b648.avif', '2025-03-12 05:05:31.072513+00');
INSERT INTO public.servicedetails (serviceid, subserviceid, name, description, price, image, createdat) VALUES ('4390c108-6cb9-4754-93fc-e6a578082c36', 'affcf97c-bc83-4ce6-a53b-da78fc376e02', 'Mũ/ nón', NULL, 60000, 'https://laundryservicebucket.s3.ca-east-006.backblazeb2.com/service-details/80d98ca1-5698-42ee-94a8-19679ed60eed.png', '2025-03-12 05:06:47.614899+00');
INSERT INTO public.servicedetails (serviceid, subserviceid, name, description, price, image, createdat) VALUES ('a2133d96-f332-4985-aac9-11bff3221c01', 'affcf97c-bc83-4ce6-a53b-da78fc376e02', 'Dây nịt/ Thắt lưng', NULL, 50000, 'https://laundryservicebucket.s3.ca-east-006.backblazeb2.com/service-details/bef400aa-b39f-4721-92d4-f5d90e874ab5.jpg', '2025-03-12 05:07:38.788489+00');
INSERT INTO public.servicedetails (serviceid, subserviceid, name, description, price, image, createdat) VALUES ('57db90a9-c41e-42b9-b7df-039848f40551', '72a01611-1acb-4073-a706-1d4897af1dcd', 'string', 'string', 0, NULL, '2025-03-20 04:59:56.151651+00');
INSERT INTO public.servicedetails (serviceid, subserviceid, name, description, price, image, createdat) VALUES ('7603e60e-51a2-415e-84a8-99e2fe5e729d', '72a01611-1acb-4073-a706-1d4897af1dcd', 'stringA2', 'string', 0, NULL, '2025-03-20 05:03:25.319133+00');
INSERT INTO public.servicedetails (serviceid, subserviceid, name, description, price, image, createdat) VALUES ('a2389672-caee-47e6-bae8-e852a1c949a3', '72a01611-1acb-4073-a706-1d4897af1dcd', 'stringA21', 'string', 0, NULL, '2025-03-20 05:20:35.796487+00');
INSERT INTO public.servicedetails (serviceid, subserviceid, name, description, price, image, createdat) VALUES ('e4885253-13d7-4bf6-a829-be0dab6411c4', '72a01611-1acb-4073-a706-1d4897af1dcd', 'stringA211', 'string', 0, NULL, '2025-03-20 06:08:24.329217+00');
INSERT INTO public.servicedetails (serviceid, subserviceid, name, description, price, image, createdat) VALUES ('a32b0104-8594-4245-8d50-0cefaf551494', '72a01611-1acb-4073-a706-1d4897af1dcd', 'Test 1 update', 'aaaaaaaaaaaaaaa', 39, 'https://laundryservicebucket.s3.ca-east-006.backblazeb2.com/service-details/c143fe4a-94e2-429e-948b-6480f848cede.jpg', '2025-03-20 06:12:32.822462+00');
INSERT INTO public.servicedetails (serviceid, subserviceid, name, description, price, image, createdat) VALUES ('7c707352-d67a-44b3-a2f7-d14c3504d3d8', '72a01611-1acb-4073-a706-1d4897af1dcd', 'Test 139', 'aaaaaaaaaaaaaa', 38, 'https://laundryservicebucket.s3.ca-east-006.backblazeb2.com/service-details/19921111-9792-44c4-a9a6-0429aa9a347e.jpg', '2025-03-20 06:13:05.943545+00');
INSERT INTO public.servicedetails (serviceid, subserviceid, name, description, price, image, createdat) VALUES ('2c242226-7f5b-4b90-add9-104fd8f4716b', '17b2cab7-468f-4ef8-b882-cff22bb58c25', 'Test 139', 'aaaaaaaaaaaaaa', 38, 'https://laundryservicebucket.s3.ca-east-006.backblazeb2.com/service-details/f82d044c-e3f7-432f-b534-8a710727771e.jpg', '2025-03-20 06:13:31.42837+00');
INSERT INTO public.servicedetails (serviceid, subserviceid, name, description, price, image, createdat) VALUES ('30207cda-7695-4f85-a547-ed9c4d600272', '17b2cab7-468f-4ef8-b882-cff22bb58c25', 'Test 1', 'aaaaaaaaaa', 39, 'https://laundryservicebucket.s3.ca-east-006.backblazeb2.com/service-details/0fe49e6d-1c4e-49eb-87f7-bc3df0932ca0.jpg', '2025-03-20 07:08:34.203825+00');
INSERT INTO public.servicedetails (serviceid, subserviceid, name, description, price, image, createdat) VALUES ('0cdccd49-7495-4f3b-85ee-4176be321877', '96551aba-ee0f-4e95-bba8-b955db9129bc', 'CSS', 'aaaaaaaaaaa', 39, 'https://laundryservicebucket.s3.ca-east-006.backblazeb2.com/service-details/470f58e0-b111-4967-b132-29a4e7afb3f2.png', '2025-03-20 07:46:28.319892+00');

----------------------
INSERT INTO public.serviceextramapping (mappingid, serviceid, extraid) VALUES ('3113e7e4-857f-4eb8-be9c-734cd4b4cfed', '9acc7d79-f350-47a5-a159-c0ad3fa3f429', '359318cb-317b-4091-9f8d-a526debd45b1');
INSERT INTO public.serviceextramapping (mappingid, serviceid, extraid) VALUES ('919ffc6e-5606-43eb-b143-5e613c5dac7a', 'a6277138-3952-4313-a2c1-26abec65849b', '8169375d-98a0-4909-9859-89129f2ab950');
INSERT INTO public.serviceextramapping (mappingid, serviceid, extraid) VALUES ('62c88c30-b8c2-4bdb-be4e-6df43de5ad67', 'a6277138-3952-4313-a2c1-26abec65849b', 'e068cca8-1413-47bc-b63a-30931972ae51');
INSERT INTO public.serviceextramapping (mappingid, serviceid, extraid) VALUES ('e32d869d-a6bd-40bf-a8c2-27a570054eb2', 'a6277138-3952-4313-a2c1-26abec65849b', 'd49b4c52-304f-42ff-bca0-c929738f848f');
INSERT INTO public.serviceextramapping (mappingid, serviceid, extraid) VALUES ('8b34889b-e338-4457-b968-e53c37780b0e', 'a6277138-3952-4313-a2c1-26abec65849b', 'e1bc05ab-a519-44ae-bcb7-4a03c6169fa1');
INSERT INTO public.serviceextramapping (mappingid, serviceid, extraid) VALUES ('03acad96-3213-4992-a8b6-b712e1618f98', 'a6277138-3952-4313-a2c1-26abec65849b', 'ec3ddb93-066a-4562-bc08-6211bbb88139');
INSERT INTO public.serviceextramapping (mappingid, serviceid, extraid) VALUES ('783e5795-8540-4d42-8eeb-d3aefeb09f15', 'a6277138-3952-4313-a2c1-26abec65849b', 'd5d6f46a-f320-4713-aad1-01624e19345a');
INSERT INTO public.serviceextramapping (mappingid, serviceid, extraid) VALUES ('30070efc-f37f-40c7-a4ce-82f154dbc9fd', 'a6277138-3952-4313-a2c1-26abec65849b', '564c5a29-7d17-4b84-a10a-65f5f5502ab2');
INSERT INTO public.serviceextramapping (mappingid, serviceid, extraid) VALUES ('6718aaa2-54ef-4b03-9fe8-325a3d2919a0', 'a6277138-3952-4313-a2c1-26abec65849b', '0b7f1ed2-c830-4177-a4c6-06ca07fb417b');
INSERT INTO public.serviceextramapping (mappingid, serviceid, extraid) VALUES ('87a7d3b4-439b-49d2-8e06-b9246d97f190', 'a6277138-3952-4313-a2c1-26abec65849b', '0be1a45b-7329-42e6-9355-9a818ca182c4');
INSERT INTO public.serviceextramapping (mappingid, serviceid, extraid) VALUES ('53d402e3-6869-435e-b142-245a49364938', 'a6277138-3952-4313-a2c1-26abec65849b', '78b43fc3-fbfc-4012-b1af-60e71eeab70f');
INSERT INTO public.serviceextramapping (mappingid, serviceid, extraid) VALUES ('8dae9ea9-840d-4fe5-bcf2-7cf858f4582d', 'a6277138-3952-4313-a2c1-26abec65849b', 'a1bc491f-17a4-4355-9ebd-50f861b4ca9a');
INSERT INTO public.serviceextramapping (mappingid, serviceid, extraid) VALUES ('696ac41f-c180-40ea-bddd-42708ac6b504', 'a6277138-3952-4313-a2c1-26abec65849b', '6a8aa061-a3eb-469c-9db9-b6a0c8d20cec');
INSERT INTO public.serviceextramapping (mappingid, serviceid, extraid) VALUES ('f83e3410-6d31-4575-a073-24c7ea1733b0', 'a6277138-3952-4313-a2c1-26abec65849b', '3323d999-1b20-42da-9109-02c19cf270c5');
INSERT INTO public.serviceextramapping (mappingid, serviceid, extraid) VALUES ('60219bfd-025a-4ea7-8359-16d5d5bee1d1', 'a6277138-3952-4313-a2c1-26abec65849b', '7b97b54c-0dd0-43f9-940f-f14459bac6ac');
INSERT INTO public.serviceextramapping (mappingid, serviceid, extraid) VALUES ('27a1896c-4252-45aa-bc16-bb5c3c4baddf', 'a6277138-3952-4313-a2c1-26abec65849b', '77ed5314-6dbb-40f5-9b16-ed32a70436b6');
INSERT INTO public.serviceextramapping (mappingid, serviceid, extraid) VALUES ('2d376491-b0c8-4da9-b00d-102b56efe229', '270a1a88-61c8-41ce-9303-bda6bd422f18', 'e1bc05ab-a519-44ae-bcb7-4a03c6169fa1');
INSERT INTO public.serviceextramapping (mappingid, serviceid, extraid) VALUES ('632e541d-91b2-4e17-935d-70befd7f934e', '270a1a88-61c8-41ce-9303-bda6bd422f18', 'a1bc491f-17a4-4355-9ebd-50f861b4ca9a');

----------------------
INSERT INTO public.orders (orderid, userid, pickuplabel, pickupname, pickupphone, pickupaddressdetail, pickupdescription, pickuplatitude, pickuplongitude, deliverylabel, deliveryname, deliveryphone, deliveryaddressdetail, deliverydescription, deliverylatitude, deliverylongitude, pickuptime, deliverytime, shippingfee, shippingdiscount, applicablefee, totalprice, discount, currentstatus, createdat, otherprice, noteforotherprice) VALUES ('250322X7K9P2', 'f47ac10b-58cc-4372-a567-0e02b2c3d479', 'địa chỉ 2', 'string', '6116820675', '389/48 Lê Văn Khương, Quận 12, Hồ Chí Minh', 'string', 10.883286, 106.646963, 'địa chỉ 2', 'string', '6116820675', '389/48 Lê Văn Khương, Quận 12, Hồ Chí Minh', 'string', 10.883286, 106.646963, '2025-03-23 14:23:56.131+00', '2025-03-26 14:23:56.131+00', 50000, -25000, 0, 7257000, 0, 'PENDING', '2025-03-22 22:36:36.216368+00', NULL, NULL);
INSERT INTO public.orders (orderid, userid, pickuplabel, pickupname, pickupphone, pickupaddressdetail, pickupdescription, pickuplatitude, pickuplongitude, deliverylabel, deliveryname, deliveryphone, deliveryaddressdetail, deliverydescription, deliverylatitude, deliverylongitude, pickuptime, deliverytime, shippingfee, shippingdiscount, applicablefee, totalprice, discount, currentstatus, createdat, otherprice, noteforotherprice) VALUES ('250325M4N8J5', '99505d8a-2682-4ed1-9b5f-962580ba72cb', 'Nhà riêng', 'Phạm Nhật Huy', '0388645905', '123 Võ Văn Tần, Phường 6, Quận 3, TP.HCM', 'Căn hộ tầng 2, gần ngã tư với Cách Mạng Tháng 8', 10.775658, 106.689460, 'Nhà riêng', 'Phạm Nhật Huy', '0388645905', '123 Võ Văn Tần, Phường 6, Quận 3, TP.HCM', 'Căn hộ tầng 2, gần ngã tư với Cách Mạng Tháng 8', 10.775658, 106.689460, '2025-03-25 12:10:20.963+00', '2025-03-25 12:10:20.963+00', 0, 0, 0, 270000, 0, 'PENDING', '2025-03-25 12:10:49.207217+00', NULL, NULL);
INSERT INTO public.orders (orderid, userid, pickuplabel, pickupname, pickupphone, pickupaddressdetail, pickupdescription, pickuplatitude, pickuplongitude, deliverylabel, deliveryname, deliveryphone, deliveryaddressdetail, deliverydescription, deliverylatitude, deliverylongitude, pickuptime, deliverytime, shippingfee, shippingdiscount, applicablefee, totalprice, discount, currentstatus, createdat, otherprice, noteforotherprice) VALUES ('250320Q9R3T6', 'f47ac10b-58cc-4372-a567-0e02b2c3d479', 'địa chỉ 2', 'string', '6116820675', '389/48 Lê Văn Khương, Quận 12, Hồ Chí Minh', 'string', 10.883286, 106.646963, 'địa chỉ 2', 'string', '6116820675', '389/48 Lê Văn Khương, Quận 12, Hồ Chí Minh', 'string', 10.883286, 106.646963, '2025-03-23 14:23:56.131+00', '2025-03-26 14:23:56.131+00', 50000, -25000, 0, 443000, 0, 'CONFIRMED', '2025-03-20 17:07:24.151865+00', NULL, NULL);
INSERT INTO public.orders (orderid, userid, pickuplabel, pickupname, pickupphone, pickupaddressdetail, pickupdescription, pickuplatitude, pickuplongitude, deliverylabel, deliveryname, deliveryphone, deliveryaddressdetail, deliverydescription, deliverylatitude, deliverylongitude, pickuptime, deliverytime, shippingfee, shippingdiscount, applicablefee, totalprice, discount, currentstatus, createdat, otherprice, noteforotherprice) VALUES ('250324B2V5Y8', '99505d8a-2682-4ed1-9b5f-962580ba72cb', 'Nhà riêng', 'Phạm Nhật Huy', '0388645905', '123 Võ Văn Tần, Phường 6, Quận 3, TP.HCM', 'Căn hộ tầng 2, gần ngã tư với Cách Mạng Tháng 8', 10.775658, 106.689460, 'Nhà riêng', 'Phạm Nhật Huy', '0388645905', '123 Võ Văn Tần, Phường 6, Quận 3, TP.HCM', 'Căn hộ tầng 2, gần ngã tư với Cách Mạng Tháng 8', 10.775658, 106.689460, '2025-03-24 12:43:19.344+00', '2025-03-24 12:43:19.344+00', 0, 0, 0, 240000, 0, 'PENDING', '2025-03-24 12:43:04.335955+00', NULL, NULL);
INSERT INTO public.orders (orderid, userid, pickuplabel, pickupname, pickupphone, pickupaddressdetail, pickupdescription, pickuplatitude, pickuplongitude, deliverylabel, deliveryname, deliveryphone, deliveryaddressdetail, deliverydescription, deliverylatitude, deliverylongitude, pickuptime, deliverytime, shippingfee, shippingdiscount, applicablefee, totalprice, discount, currentstatus, createdat, otherprice, noteforotherprice) VALUES ('250324F6H1K3', '99505d8a-2682-4ed1-9b5f-962580ba72cb', NULL, NULL, NULL, NULL, NULL, NULL, NULL, NULL, NULL, NULL, NULL, NULL, NULL, NULL, NULL, NULL, NULL, NULL, NULL, NULL, NULL, 'PENDING', '2025-03-24 12:56:26.230195+00', NULL, NULL);
INSERT INTO public.orders (orderid, userid, pickuplabel, pickupname, pickupphone, pickupaddressdetail, pickupdescription, pickuplatitude, pickuplongitude, deliverylabel, deliveryname, deliveryphone, deliveryaddressdetail, deliverydescription, deliverylatitude, deliverylongitude, pickuptime, deliverytime, shippingfee, shippingdiscount, applicablefee, totalprice, discount, currentstatus, createdat, otherprice, noteforotherprice) VALUES ('250324P7T9W2', '99505d8a-2682-4ed1-9b5f-962580ba72cb', 'Nhà riêng', 'Phạm Nhật Huy', '0388645905', '123 Võ Văn Tần, Phường 6, Quận 3, TP.HCM', 'Căn hộ tầng 2, gần ngã tư với Cách Mạng Tháng 8', 10.775658, 106.689460, 'Nhà riêng', 'Phạm Nhật Huy', '0388645905', '123 Võ Văn Tần, Phường 6, Quận 3, TP.HCM', 'Căn hộ tầng 2, gần ngã tư với Cách Mạng Tháng 8', 10.775658, 106.689460, '2025-03-24 13:02:02.985+00', '2025-03-24 13:02:02.985+00', 0, 0, 0, 369000, 0, 'PENDING', '2025-03-24 13:01:27.798005+00', NULL, NULL);
INSERT INTO public.orders (orderid, userid, pickuplabel, pickupname, pickupphone, pickupaddressdetail, pickupdescription, pickuplatitude, pickuplongitude, deliverylabel, deliveryname, deliveryphone, deliveryaddressdetail, deliverydescription, deliverylatitude, deliverylongitude, pickuptime, deliverytime, shippingfee, shippingdiscount, applicablefee, totalprice, discount, currentstatus, createdat, otherprice, noteforotherprice) VALUES ('250324J3M8R5', '0d3e0249-dc2b-461f-994d-2636de840097', 'Nhà', 'Bùi Tấn Thành', '0942557312', 'Miếu Gò Xoài, Bình Hưng Hoà A, Ho Chi Minh City, Vietnam', '458/8 Miếu Gò Xoài , trong hẻm số 8', 10.779767, 106.604110, 'Nhà', 'Bùi Tấn Thành', '0942557312', 'Miếu Gò Xoài, Bình Hưng Hoà A, Ho Chi Minh City, Vietnam', '458/8 Miếu Gò Xoài , trong hẻm số 8', 10.779767, 106.604110, '2025-03-24 15:02:39.624+00', '2025-03-26 15:02:39.624+00', 0, 0, 50000, 259000, 0, 'PENDING', '2025-03-24 15:04:12.692536+00', NULL, NULL);
INSERT INTO public.orders (orderid, userid, pickuplabel, pickupname, pickupphone, pickupaddressdetail, pickupdescription, pickuplatitude, pickuplongitude, deliverylabel, deliveryname, deliveryphone, deliveryaddressdetail, deliverydescription, deliverylatitude, deliverylongitude, pickuptime, deliverytime, shippingfee, shippingdiscount, applicablefee, totalprice, discount, currentstatus, createdat, otherprice, noteforotherprice) VALUES ('250325C4N6X1', '99505d8a-2682-4ed1-9b5f-962580ba72cb', 'Nhà riêng', 'Phạm Nhật Huy', '0388645905', '123 Võ Văn Tần, Phường 6, Quận 3, TP.HCM', 'Căn hộ tầng 2, gần ngã tư với Cách Mạng Tháng 8', 10.775658, 106.689460, 'Nhà riêng', 'Phạm Nhật Huy', '0388645905', '123 Võ Văn Tần, Phường 6, Quận 3, TP.HCM', 'Căn hộ tầng 2, gần ngã tư với Cách Mạng Tháng 8', 10.775658, 106.689460, '2025-03-25 08:49:53.525+00', '2025-03-25 08:49:53.525+00', 0, 0, 0, 220000, 0, 'PENDING', '2025-03-25 08:50:47.178786+00', NULL, NULL);
INSERT INTO public.orders (orderid, userid, pickuplabel, pickupname, pickupphone, pickupaddressdetail, pickupdescription, pickuplatitude, pickuplongitude, deliverylabel, deliveryname, deliveryphone, deliveryaddressdetail, deliverydescription, deliverylatitude, deliverylongitude, pickuptime, deliverytime, shippingfee, shippingdiscount, applicablefee, totalprice, discount, currentstatus, createdat, otherprice, noteforotherprice) VALUES ('250325K8P2V7', '99505d8a-2682-4ed1-9b5f-962580ba72cb', 'Nhà riêng', 'Phạm Nhật Huy', '0388645905', '123 Võ Văn Tần, Phường 6, Quận 3, TP.HCM', 'Căn hộ tầng 2, gần ngã tư với Cách Mạng Tháng 8', 10.775658, 106.689460, 'Nhà riêng', 'Phạm Nhật Huy', '0388645905', '123 Võ Văn Tần, Phường 6, Quận 3, TP.HCM', 'Căn hộ tầng 2, gần ngã tư với Cách Mạng Tháng 8', 10.775658, 106.689460, '2025-03-25 08:55:51.713+00', '2025-03-25 08:55:51.713+00', 0, 0, 0, 220000, 0, 'PENDING', '2025-03-25 08:59:25.049346+00', NULL, NULL);
INSERT INTO public.orders (orderid, userid, pickuplabel, pickupname, pickupphone, pickupaddressdetail, pickupdescription, pickuplatitude, pickuplongitude, deliverylabel, deliveryname, deliveryphone, deliveryaddressdetail, deliverydescription, deliverylatitude, deliverylongitude, pickuptime, deliverytime, shippingfee, shippingdiscount, applicablefee, totalprice, discount, currentstatus, createdat, otherprice, noteforotherprice) VALUES ('250325H5T9Q3', '99505d8a-2682-4ed1-9b5f-962580ba72cb', 'Nhà riêng', 'Phạm Nhật Huy', '0388645905', '123 Võ Văn Tần, Phường 6, Quận 3, TP.HCM', 'Căn hộ tầng 2, gần ngã tư với Cách Mạng Tháng 8', 10.775658, 106.689460, 'Nhà riêng', 'Phạm Nhật Huy', '0388645905', '123 Võ Văn Tần, Phường 6, Quận 3, TP.HCM', 'Căn hộ tầng 2, gần ngã tư với Cách Mạng Tháng 8', 10.775658, 106.689460, '2025-03-25 09:15:40.417+00', '2025-03-25 09:15:40.417+00', 0, 0, 0, 540000, 0, 'PENDING', '2025-03-25 09:16:11.929421+00', NULL, NULL);
INSERT INTO public.orders (orderid, userid, pickuplabel, pickupname, pickupphone, pickupaddressdetail, pickupdescription, pickuplatitude, pickuplongitude, deliverylabel, deliveryname, deliveryphone, deliveryaddressdetail, deliverydescription, deliverylatitude, deliverylongitude, pickuptime, deliverytime, shippingfee, shippingdiscount, applicablefee, totalprice, discount, currentstatus, createdat, otherprice, noteforotherprice) VALUES ('250325R2W6Y4', '99505d8a-2682-4ed1-9b5f-962580ba72cb', 'Nhà riêng', 'Phạm Nhật Huy', '0388645905', '123 Võ Văn Tần, Phường 6, Quận 3, TP.HCM', 'Căn hộ tầng 2, gần ngã tư với Cách Mạng Tháng 8', 10.775658, 106.689460, 'Nhà riêng', 'Phạm Nhật Huy', '0388645905', '123 Võ Văn Tần, Phường 6, Quận 3, TP.HCM', 'Căn hộ tầng 2, gần ngã tư với Cách Mạng Tháng 8', 10.775658, 106.689460, '2025-03-25 09:15:40.417+00', '2025-03-25 09:15:40.417+00', 0, 0, 0, 540000, 0, 'PENDING', '2025-03-25 09:27:54.539491+00', NULL, NULL);
INSERT INTO public.orders (orderid, userid, pickuplabel, pickupname, pickupphone, pickupaddressdetail, pickupdescription, pickuplatitude, pickuplongitude, deliverylabel, deliveryname, deliveryphone, deliveryaddressdetail, deliverydescription, deliverylatitude, deliverylongitude, pickuptime, deliverytime, shippingfee, shippingdiscount, applicablefee, totalprice, discount, currentstatus, createdat, otherprice, noteforotherprice) VALUES ('250325T7X3M9', '99505d8a-2682-4ed1-9b5f-962580ba72cb', 'Nhà riêng', 'Phạm Nhật Huy', '0388645905', '123 Võ Văn Tần, Phường 6, Quận 3, TP.HCM', 'Căn hộ tầng 2, gần ngã tư với Cách Mạng Tháng 8', 10.775658, 106.689460, 'Nhà riêng', 'Phạm Nhật Huy', '0388645905', '123 Võ Văn Tần, Phường 6, Quận 3, TP.HCM', 'Căn hộ tầng 2, gần ngã tư với Cách Mạng Tháng 8', 10.775658, 106.689460, '2025-03-25 11:23:59.891+00', '2025-03-25 11:23:59.891+00', 0, 0, 0, 270000, 0, 'PENDING', '2025-03-25 11:24:29.381772+00', NULL, NULL);
INSERT INTO public.orders (orderid, userid, pickuplabel, pickupname, pickupphone, pickupaddressdetail, pickupdescription, pickuplatitude, pickuplongitude, deliverylabel, deliveryname, deliveryphone, deliveryaddressdetail, deliverydescription, deliverylatitude, deliverylongitude, pickuptime, deliverytime, shippingfee, shippingdiscount, applicablefee, totalprice, discount, currentstatus, createdat, otherprice, noteforotherprice) VALUES ('250325N1K5P8', '0d3e0249-dc2b-461f-994d-2636de840097', NULL, NULL, NULL, NULL, NULL, NULL, NULL, NULL, NULL, NULL, NULL, NULL, NULL, NULL, NULL, NULL, NULL, NULL, NULL, NULL, NULL, 'PENDING', '2025-03-25 08:43:34.167831+00', NULL, NULL);
INSERT INTO public.orders (orderid, userid, pickuplabel, pickupname, pickupphone, pickupaddressdetail, pickupdescription, pickuplatitude, pickuplongitude, deliverylabel, deliveryname, deliveryphone, deliveryaddressdetail, deliverydescription, deliverylatitude, deliverylongitude, pickuptime, deliverytime, shippingfee, shippingdiscount, applicablefee, totalprice, discount, currentstatus, createdat, otherprice, noteforotherprice) VALUES ('250325V4Y7H2', '99505d8a-2682-4ed1-9b5f-962580ba72cb', NULL, NULL, NULL, NULL, NULL, NULL, NULL, NULL, NULL, NULL, NULL, NULL, NULL, NULL, NULL, NULL, NULL, NULL, NULL, NULL, NULL, 'PENDING', '2025-03-25 11:55:07.93566+00', NULL, NULL);
INSERT INTO public.orders (orderid, userid, pickuplabel, pickupname, pickupphone, pickupaddressdetail, pickupdescription, pickuplatitude, pickuplongitude, deliverylabel, deliveryname, deliveryphone, deliveryaddressdetail, deliverydescription, deliverylatitude, deliverylongitude, pickuptime, deliverytime, shippingfee, shippingdiscount, applicablefee, totalprice, discount, currentstatus, createdat, otherprice, noteforotherprice) VALUES ('250325W9Q3T6', '99505d8a-2682-4ed1-9b5f-962580ba72cb', 'Nhà riêng', 'Phạm Nhật Huy', '0388645905', '123 Võ Văn Tần, Phường 6, Quận 3, TP.HCM', 'Căn hộ tầng 2, gần ngã tư với Cách Mạng Tháng 8', 10.775658, 106.689460, 'Nhà riêng', 'Phạm Nhật Huy', '0388645905', '123 Võ Văn Tần, Phường 6, Quận 3, TP.HCM', 'Căn hộ tầng 2, gần ngã tư với Cách Mạng Tháng 8', 10.775658, 106.689460, '2025-03-25 11:55:16.236+00', '2025-03-25 11:55:16.236+00', 0, 0, 0, 270000, 0, 'PENDING', '2025-03-25 12:00:03.389969+00', NULL, NULL);
INSERT INTO public.orders (orderid, userid, pickuplabel, pickupname, pickupphone, pickupaddressdetail, pickupdescription, pickuplatitude, pickuplongitude, deliverylabel, deliveryname, deliveryphone, deliveryaddressdetail, deliverydescription, deliverylatitude, deliverylongitude, pickuptime, deliverytime, shippingfee, shippingdiscount, applicablefee, totalprice, discount, currentstatus, createdat, otherprice, noteforotherprice) VALUES ('250325X2M8R5', '99505d8a-2682-4ed1-9b5f-962580ba72cb', 'Nhà riêng', 'Phạm Nhật Huy', '0388645905', '123 Võ Văn Tần, Phường 6, Quận 3, TP.HCM', 'Căn hộ tầng 2, gần ngã tư với Cách Mạng Tháng 8', 10.775658, 106.689460, 'Nhà riêng', 'Phạm Nhật Huy', '0388645905', '123 Võ Văn Tần, Phường 6, Quận 3, TP.HCM', 'Căn hộ tầng 2, gần ngã tư với Cách Mạng Tháng 8', 10.775658, 106.689460, '2025-03-25 11:55:16.236+00', '2025-03-25 11:55:16.236+00', 0, 0, 0, 270000, 0, 'PENDING', '2025-03-25 12:02:36.85941+00', NULL, NULL);
INSERT INTO public.orders (orderid, userid, pickuplabel, pickupname, pickupphone, pickupaddressdetail, pickupdescription, pickuplatitude, pickuplongitude, deliverylabel, deliveryname, deliveryphone, deliveryaddressdetail, deliverydescription, deliverylatitude, deliverylongitude, pickuptime, deliverytime, shippingfee, shippingdiscount, applicablefee, totalprice, discount, currentstatus, createdat, otherprice, noteforotherprice) VALUES ('250325Y6P1N4', '99505d8a-2682-4ed1-9b5f-962580ba72cb', 'Nhà riêng', 'Phạm Nhật Huy', '0388645905', '123 Võ Văn Tần, Phường 6, Quận 3, TP.HCM', 'Căn hộ tầng 2, gần ngã tư với Cách Mạng Tháng 8', 10.775658, 106.689460, 'Nhà riêng', 'Phạm Nhật Huy', '0388645905', '123 Võ Văn Tần, Phường 6, Quận 3, TP.HCM', 'Căn hộ tầng 2, gần ngã tư với Cách Mạng Tháng 8', 10.775658, 106.689460, '2025-03-25 12:10:20.963+00', '2025-03-25 12:10:20.963+00', 0, 0, 0, 270000, 0, 'PENDING', '2025-03-25 12:20:40.351258+00', NULL, NULL);
INSERT INTO public.orders (orderid, userid, pickuplabel, pickupname, pickupphone, pickupaddressdetail, pickupdescription, pickuplatitude, pickuplongitude, deliverylabel, deliveryname, deliveryphone, deliveryaddressdetail, deliverydescription, deliverylatitude, deliverylongitude, pickuptime, deliverytime, shippingfee, shippingdiscount, applicablefee, totalprice, discount, currentstatus, createdat, otherprice, noteforotherprice) VALUES ('250325Q3T7K9', '99505d8a-2682-4ed1-9b5f-962580ba72cb', 'Nhà riêng', 'Phạm Nhật Huy', '0388645905', '123 Võ Văn Tần, Phường 6, Quận 3, TP.HCM', 'Căn hộ tầng 2, gần ngã tư với Cách Mạng Tháng 8', 10.775658, 106.689460, 'Nhà riêng', 'Phạm Nhật Huy', '0388645905', '123 Võ Văn Tần, Phường 6, Quận 3, TP.HCM', 'Căn hộ tầng 2, gần ngã tư với Cách Mạng Tháng 8', 10.775658, 106.689460, '2025-03-25 12:10:20.963+00', '2025-03-25 12:10:20.963+00', 0, 0, 0, 270000, 0, 'PENDING', '2025-03-25 12:38:02.525898+00', NULL, NULL);
INSERT INTO public.orders (orderid, userid, pickuplabel, pickupname, pickupphone, pickupaddressdetail, pickupdescription, pickuplatitude, pickuplongitude, deliverylabel, deliveryname, deliveryphone, deliveryaddressdetail, deliverydescription, deliverylatitude, deliverylongitude, pickuptime, deliverytime, shippingfee, shippingdiscount, applicablefee, totalprice, discount, currentstatus, createdat, otherprice, noteforotherprice) VALUES ('250325M8R2W5', '99505d8a-2682-4ed1-9b5f-962580ba72cb', 'Nhà riêng', 'Phạm Nhật Huy', '0388645905', '123 Võ Văn Tần, Phường 6, Quận 3, TP.HCM', 'Căn hộ tầng 2, gần ngã tư với Cách Mạng Tháng 8', 10.775658, 106.689460, 'Nhà riêng', 'Phạm Nhật Huy', '0388645905', '123 Võ Văn Tần, Phường 6, Quận 3, TP.HCM', 'Căn hộ tầng 2, gần ngã tư với Cách Mạng Tháng 8', 10.775658, 106.689460, '2025-03-25 12:10:20.963+00', '2025-03-25 12:10:20.963+00', 0, 0, 0, 270000, 0, 'PENDING', '2025-03-25 12:39:31.821273+00', NULL, NULL);
INSERT INTO public.orders (orderid, userid, pickuplabel, pickupname, pickupphone, pickupaddressdetail, pickupdescription, pickuplatitude, pickuplongitude, deliverylabel, deliveryname, deliveryphone, deliveryaddressdetail, deliverydescription, deliverylatitude, deliverylongitude, pickuptime, deliverytime, shippingfee, shippingdiscount, applicablefee, totalprice, discount, currentstatus, createdat, otherprice, noteforotherprice) VALUES ('250325P1N6Y3', '99505d8a-2682-4ed1-9b5f-962580ba72cb', 'Nhà riêng', 'Phạm Nhật Huy', '0388645905', '123 Võ Văn Tần, Phường 6, Quận 3, TP.HCM', 'Căn hộ tầng 2, gần ngã tư với Cách Mạng Tháng 8', 10.775658, 106.689460, 'Nhà riêng', 'Phạm Nhật Huy', '0388645905', '123 Võ Văn Tần, Phường 6, Quận 3, TP.HCM', 'Căn hộ tầng 2, gần ngã tư với Cách Mạng Tháng 8', 10.775658, 106.689460, '2025-03-25 12:10:20.963+00', '2025-03-25 12:10:20.963+00', 0, 0, 0, 270000, 0, 'PENDING', '2025-03-25 12:41:46.932642+00', NULL, NULL);
INSERT INTO public.orders (orderid, userid, pickuplabel, pickupname, pickupphone, pickupaddressdetail, pickupdescription, pickuplatitude, pickuplongitude, deliverylabel, deliveryname, deliveryphone, deliveryaddressdetail, deliverydescription, deliverylatitude, deliverylongitude, pickuptime, deliverytime, shippingfee, shippingdiscount, applicablefee, totalprice, discount, currentstatus, createdat, otherprice, noteforotherprice) VALUES ('250325T4K8H7', '99505d8a-2682-4ed1-9b5f-962580ba72cb', 'Nhà riêng', 'Phạm Nhật Huy', '0388645905', '123 Võ Văn Tần, Phường 6, Quận 3, TP.HCM', 'Căn hộ tầng 2, gần ngã tư với Cách Mạng Tháng 8', 10.775658, 106.689460, 'Nhà riêng', 'Phạm Nhật Huy', '0388645905', '123 Võ Văn Tần, Phường 6, Quận 3, TP.HCM', 'Căn hộ tầng 2, gần ngã tư với Cách Mạng Tháng 8', 10.775658, 106.689460, '2025-03-25 12:10:20.963+00', '2025-03-25 12:10:20.963+00', 0, 0, 0, 270000, 0, 'PENDING', '2025-03-25 12:42:25.688308+00', NULL, NULL);
INSERT INTO public.orders (orderid, userid, pickuplabel, pickupname, pickupphone, pickupaddressdetail, pickupdescription, pickuplatitude, pickuplongitude, deliverylabel, deliveryname, deliveryphone, deliveryaddressdetail, deliverydescription, deliverylatitude, deliverylongitude, pickuptime, deliverytime, shippingfee, shippingdiscount, applicablefee, totalprice, discount, currentstatus, createdat, otherprice, noteforotherprice) VALUES ('250325N9W2Q5', '99505d8a-2682-4ed1-9b5f-962580ba72cb', 'Nhà riêng', 'Phạm Nhật Huy', '0388645905', '123 Võ Văn Tần, Phường 6, Quận 3, TP.HCM', 'Căn hộ tầng 2, gần ngã tư với Cách Mạng Tháng 8', 10.775658, 106.689460, 'Nhà riêng', 'Phạm Nhật Huy', '0388645905', '123 Võ Văn Tần, Phường 6, Quận 3, TP.HCM', 'Căn hộ tầng 2, gần ngã tư với Cách Mạng Tháng 8', 10.775658, 106.689460, '2025-03-25 15:26:52.115+00', '2025-03-25 15:26:52.115+00', 0, 0, 0, 170000, 0, 'PENDING', '2025-03-25 15:27:33.614061+00', NULL, NULL);
INSERT INTO public.orders (orderid, userid, pickuplabel, pickupname, pickupphone, pickupaddressdetail, pickupdescription, pickuplatitude, pickuplongitude, deliverylabel, deliveryname, deliveryphone, deliveryaddressdetail, deliverydescription, deliverylatitude, deliverylongitude, pickuptime, deliverytime, shippingfee, shippingdiscount, applicablefee, totalprice, discount, currentstatus, createdat, otherprice, noteforotherprice) VALUES ('250325H3Y6T1', '99505d8a-2682-4ed1-9b5f-962580ba72cb', 'Nhà riêng', 'Phạm Nhật Huy', '0388645905', '123 Võ Văn Tần, Phường 6, Quận 3, TP.HCM', 'Căn hộ tầng 2, gần ngã tư với Cách Mạng Tháng 8', 10.775658, 106.689460, 'Nhà riêng', 'Phạm Nhật Huy', '0388645905', '123 Võ Văn Tần, Phường 6, Quận 3, TP.HCM', 'Căn hộ tầng 2, gần ngã tư với Cách Mạng Tháng 8', 10.775658, 106.689460, '2025-03-25 15:32:04.516+00', '2025-03-25 15:32:04.516+00', 0, 0, 0, 340000, 0, 'PENDING', '2025-03-25 15:32:31.851804+00', NULL, NULL);
INSERT INTO public.orders (orderid, userid, pickuplabel, pickupname, pickupphone, pickupaddressdetail, pickupdescription, pickuplatitude, pickuplongitude, deliverylabel, deliveryname, deliveryphone, deliveryaddressdetail, deliverydescription, deliverylatitude, deliverylongitude, pickuptime, deliverytime, shippingfee, shippingdiscount, applicablefee, totalprice, discount, currentstatus, createdat, otherprice, noteforotherprice) VALUES ('250325K7P4M8', '99505d8a-2682-4ed1-9b5f-962580ba72cb', 'Nhà riêng', 'Phạm Nhật Huy', '0388645905', '123 Võ Văn Tần, Phường 6, Quận 3, TP.HCM', 'Căn hộ tầng 2, gần ngã tư với Cách Mạng Tháng 8', 10.775658, 106.689460, 'Nhà riêng', 'Phạm Nhật Huy', '0388645905', '123 Võ Văn Tần, Phường 6, Quận 3, TP.HCM', 'Căn hộ tầng 2, gần ngã tư với Cách Mạng Tháng 8', 10.775658, 106.689460, '2025-03-25 15:32:04.516+00', '2025-03-25 15:32:04.516+00', 0, 0, 0, 340000, 0, 'PENDING', '2025-03-25 15:33:27.165789+00', NULL, NULL);
INSERT INTO public.orders (orderid, userid, pickuplabel, pickupname, pickupphone, pickupaddressdetail, pickupdescription, pickuplatitude, pickuplongitude, deliverylabel, deliveryname, deliveryphone, deliveryaddressdetail, deliverydescription, deliverylatitude, deliverylongitude, pickuptime, deliverytime, shippingfee, shippingdiscount, applicablefee, totalprice, discount, currentstatus, createdat, otherprice, noteforotherprice) VALUES ('250325R2T9N5', '99505d8a-2682-4ed1-9b5f-962580ba72cb', 'Nhà riêng', 'Phạm Nhật Huy', '0388645905', '123 Võ Văn Tần, Phường 6, Quận 3, TP.HCM', 'Căn hộ tầng 2, gần ngã tư với Cách Mạng Tháng 8', 10.775658, 106.689460, 'Nhà riêng', 'Phạm Nhật Huy', '0388645905', '123 Võ Văn Tần, Phường 6, Quận 3, TP.HCM', 'Căn hộ tầng 2, gần ngã tư với Cách Mạng Tháng 8', 10.775658, 106.689460, '2025-03-25 15:32:04.516+00', '2025-03-25 15:32:04.516+00', 0, 0, 0, 340000, 0, 'PENDING', '2025-03-25 15:35:33.268061+00', NULL, NULL);
INSERT INTO public.orders (orderid, userid, pickuplabel, pickupname, pickupphone, pickupaddressdetail, pickupdescription, pickuplatitude, pickuplongitude, deliverylabel, deliveryname, deliveryphone, deliveryaddressdetail, deliverydescription, deliverylatitude, deliverylongitude, pickuptime, deliverytime, shippingfee, shippingdiscount, applicablefee, totalprice, discount, currentstatus, createdat, otherprice, noteforotherprice) VALUES ('250325W6Q3X8', '99505d8a-2682-4ed1-9b5f-962580ba72cb', NULL, NULL, NULL, NULL, NULL, NULL, NULL, NULL, NULL, NULL, NULL, NULL, NULL, NULL, NULL, NULL, NULL, NULL, NULL, NULL, NULL, 'PENDING', '2025-03-25 15:58:40.2131+00', NULL, NULL);
INSERT INTO public.orders (orderid, userid, pickuplabel, pickupname, pickupphone, pickupaddressdetail, pickupdescription, pickuplatitude, pickuplongitude, deliverylabel, deliveryname, deliveryphone, deliveryaddressdetail, deliverydescription, deliverylatitude, deliverylongitude, pickuptime, deliverytime, shippingfee, shippingdiscount, applicablefee, totalprice, discount, currentstatus, createdat, otherprice, noteforotherprice) VALUES ('250325Y1M7H4', '99505d8a-2682-4ed1-9b5f-962580ba72cb', 'Nhà riêng', 'Phạm Nhật Huy', '0388645905', '123 Võ Văn Tần, Phường 6, Quận 3, TP.HCM', 'Căn hộ tầng 2, gần ngã tư với Cách Mạng Tháng 8', 10.775658, 106.689460, 'Nhà riêng', 'Phạm Nhật Huy', '0388645905', '123 Võ Văn Tần, Phường 6, Quận 3, TP.HCM', 'Căn hộ tầng 2, gần ngã tư với Cách Mạng Tháng 8', 10.775658, 106.689460, '2025-03-25 15:59:38.539+00', '2025-03-25 15:59:38.539+00', 0, 0, 0, 170000, 0, 'PENDING', '2025-03-25 15:59:58.869838+00', NULL, NULL);
INSERT INTO public.orders (orderid, userid, pickuplabel, pickupname, pickupphone, pickupaddressdetail, pickupdescription, pickuplatitude, pickuplongitude, deliverylabel, deliveryname, deliveryphone, deliveryaddressdetail, deliverydescription, deliverylatitude, deliverylongitude, pickuptime, deliverytime, shippingfee, shippingdiscount, applicablefee, totalprice, discount, currentstatus, createdat, otherprice, noteforotherprice) VALUES ('250325T5N2K9', '99505d8a-2682-4ed1-9b5f-962580ba72cb', 'Nhà riêng', 'Phạm Nhật Huy', '0388645905', '123 Võ Văn Tần, Phường 6, Quận 3, TP.HCM', 'Căn hộ tầng 2, gần ngã tư với Cách Mạng Tháng 8', 10.775658, 106.689460, 'Nhà riêng', 'Phạm Nhật Huy', '0388645905', '123 Võ Văn Tần, Phường 6, Quận 3, TP.HCM', 'Căn hộ tầng 2, gần ngã tư với Cách Mạng Tháng 8', 10.775658, 106.689460, '2025-03-25 15:59:38.539+00', '2025-03-25 15:59:38.539+00', 0, 0, 0, 170000, 0, 'PENDING', '2025-03-25 16:00:55.906097+00', NULL, NULL);
INSERT INTO public.orders (orderid, userid, pickuplabel, pickupname, pickupphone, pickupaddressdetail, pickupdescription, pickuplatitude, pickuplongitude, deliverylabel, deliveryname, deliveryphone, deliveryaddressdetail, deliverydescription, deliverylatitude, deliverylongitude, pickuptime, deliverytime, shippingfee, shippingdiscount, applicablefee, totalprice, discount, currentstatus, createdat, otherprice, noteforotherprice) VALUES ('250325P8W6R3', '99505d8a-2682-4ed1-9b5f-962580ba72cb', 'Nhà riêng', 'Phạm Nhật Huy', '0388645905', '123 Võ Văn Tần, Phường 6, Quận 3, TP.HCM', 'Căn hộ tầng 2, gần ngã tư với Cách Mạng Tháng 8', 10.775658, 106.689460, 'Nhà riêng', 'Phạm Nhật Huy', '0388645905', '123 Võ Văn Tần, Phường 6, Quận 3, TP.HCM', 'Căn hộ tầng 2, gần ngã tư với Cách Mạng Tháng 8', 10.775658, 106.689460, '2025-03-25 17:02:34.121+00', '2025-03-25 17:02:34.121+00', 0, 0, 0, 340000, 0, 'PENDING', '2025-03-25 17:03:01.008711+00', NULL, NULL);
INSERT INTO public.orders (orderid, userid, pickuplabel, pickupname, pickupphone, pickupaddressdetail, pickupdescription, pickuplatitude, pickuplongitude, deliverylabel, deliveryname, deliveryphone, deliveryaddressdetail, deliverydescription, deliverylatitude, deliverylongitude, pickuptime, deliverytime, shippingfee, shippingdiscount, applicablefee, totalprice, discount, currentstatus, createdat, otherprice, noteforotherprice) VALUES ('250325Q2Y9T7', '99505d8a-2682-4ed1-9b5f-962580ba72cb', 'Nhà riêng', 'Phạm Nhật Huy', '0388645905', '123 Võ Văn Tần, Phường 6, Quận 3, TP.HCM', 'Căn hộ tầng 2, gần ngã tư với Cách Mạng Tháng 8', 10.775658, 106.689460, 'Nhà riêng', 'Phạm Nhật Huy', '0388645905', '123 Võ Văn Tần, Phường 6, Quận 3, TP.HCM', 'Căn hộ tầng 2, gần ngã tư với Cách Mạng Tháng 8', 10.775658, 106.689460, '2025-03-25 17:07:32.314+00', '2025-03-25 17:07:32.314+00', 0, 0, 0, 510000, 0, 'PENDING', '2025-03-25 17:08:32.724465+00', NULL, NULL);
INSERT INTO public.orders (orderid, userid, pickuplabel, pickupname, pickupphone, pickupaddressdetail, pickupdescription, pickuplatitude, pickuplongitude, deliverylabel, deliveryname, deliveryphone, deliveryaddressdetail, deliverydescription, deliverylatitude, deliverylongitude, pickuptime, deliverytime, shippingfee, shippingdiscount, applicablefee, totalprice, discount, currentstatus, createdat, otherprice, noteforotherprice) VALUES ('250326M5H1N4', '99505d8a-2682-4ed1-9b5f-962580ba72cb', 'Nhà riêng', 'Phạm Nhật Huy', '0388645905', '123 Võ Văn Tần, Phường 6, Quận 3, TP.HCM', 'Căn hộ tầng 2, gần ngã tư với Cách Mạng Tháng 8', 10.775658, 106.689460, 'Nhà riêng', 'Phạm Nhật Huy', '0388645905', '123 Võ Văn Tần, Phường 6, Quận 3, TP.HCM', 'Căn hộ tầng 2, gần ngã tư với Cách Mạng Tháng 8', 10.775658, 106.689460, '2025-03-26 10:40:18.988+00', '2025-03-26 10:40:18.988+00', 0, 0, 0, 170000, 0, 'PENDING', '2025-03-26 10:40:44.768955+00', NULL, NULL);
INSERT INTO public.orders (orderid, userid, pickuplabel, pickupname, pickupphone, pickupaddressdetail, pickupdescription, pickuplatitude, pickuplongitude, deliverylabel, deliveryname, deliveryphone, deliveryaddressdetail, deliverydescription, deliverylatitude, deliverylongitude, pickuptime, deliverytime, shippingfee, shippingdiscount, applicablefee, totalprice, discount, currentstatus, createdat, otherprice, noteforotherprice) VALUES ('250326N8K6P2', '99505d8a-2682-4ed1-9b5f-962580ba72cb', 'Nhà riêng', 'Phạm Nhật Huy', '0388645905', '123 Võ Văn Tần, Phường 6, Quận 3, TP.HCM', 'Căn hộ tầng 2, gần ngã tư với Cách Mạng Tháng 8', 10.775658, 106.689460, 'Nhà riêng', 'Phạm Nhật Huy', '0388645905', '123 Võ Văn Tần, Phường 6, Quận 3, TP.HCM', 'Căn hộ tầng 2, gần ngã tư với Cách Mạng Tháng 8', 10.775658, 106.689460, '2025-03-26 10:49:59.165+00', '2025-03-26 10:49:59.165+00', 0, 0, 0, 340000, 0, 'PENDING', '2025-03-26 10:50:23.225364+00', NULL, NULL);
INSERT INTO public.orders (orderid, userid, pickuplabel, pickupname, pickupphone, pickupaddressdetail, pickupdescription, pickuplatitude, pickuplongitude, deliverylabel, deliveryname, deliveryphone, deliveryaddressdetail, deliverydescription, deliverylatitude, deliverylongitude, pickuptime, deliverytime, shippingfee, shippingdiscount, applicablefee, totalprice, discount, currentstatus, createdat, otherprice, noteforotherprice) VALUES ('250326R3T7W9', '99505d8a-2682-4ed1-9b5f-962580ba72cb', 'Nhà riêng', 'Phạm Nhật Huy', '0388645905', '123 Võ Văn Tần, Phường 6, Quận 3, TP.HCM', 'Căn hộ tầng 2, gần ngã tư với Cách Mạng Tháng 8', 10.775658, 106.689460, 'Nhà riêng', 'Phạm Nhật Huy', '0388645905', '123 Võ Văn Tần, Phường 6, Quận 3, TP.HCM', 'Căn hộ tầng 2, gần ngã tư với Cách Mạng Tháng 8', 10.775658, 106.689460, '2025-03-26 11:06:34.678+00', '2025-03-26 11:06:34.678+00', 0, 0, 0, 170000, 0, 'PENDING', '2025-03-26 11:06:56.401401+00', NULL, NULL);
INSERT INTO public.orders (orderid, userid, pickuplabel, pickupname, pickupphone, pickupaddressdetail, pickupdescription, pickuplatitude, pickuplongitude, deliverylabel, deliveryname, deliveryphone, deliveryaddressdetail, deliverydescription, deliverylatitude, deliverylongitude, pickuptime, deliverytime, shippingfee, shippingdiscount, applicablefee, totalprice, discount, currentstatus, createdat, otherprice, noteforotherprice) VALUES ('250326W6Q1Y5', '99505d8a-2682-4ed1-9b5f-962580ba72cb', 'Nhà riêng', 'Phạm Nhật Huy', '0388645905', '123 Võ Văn Tần, Phường 6, Quận 3, TP.HCM', 'Căn hộ tầng 2, gần ngã tư với Cách Mạng Tháng 8', 10.775658, 106.689460, 'Nhà riêng', 'Phạm Nhật Huy', '0388645905', '123 Võ Văn Tần, Phường 6, Quận 3, TP.HCM', 'Căn hộ tầng 2, gần ngã tư với Cách Mạng Tháng 8', 10.775658, 106.689460, '2025-03-26 16:11:20.832+00', '2025-03-26 16:11:20.832+00', 0, 0, 0, 170000, 0, 'PENDING', '2025-03-26 16:11:44.079526+00', NULL, NULL);
INSERT INTO public.orders (orderid, userid, pickuplabel, pickupname, pickupphone, pickupaddressdetail, pickupdescription, pickuplatitude, pickuplongitude, deliverylabel, deliveryname, deliveryphone, deliveryaddressdetail, deliverydescription, deliverylatitude, deliverylongitude, pickuptime, deliverytime, shippingfee, shippingdiscount, applicablefee, totalprice, discount, currentstatus, createdat, otherprice, noteforotherprice) VALUES ('250326Y9T4M2', '99505d8a-2682-4ed1-9b5f-962580ba72cb', 'Nhà riêng', 'Phạm Nhật Huy', '0388645905', '123 Võ Văn Tần, Phường 6, Quận 3, TP.HCM', 'Căn hộ tầng 2, gần ngã tư với Cách Mạng Tháng 8', 10.775658, 106.689460, 'Nhà riêng', 'Phạm Nhật Huy', '0388645905', '123 Võ Văn Tần, Phường 6, Quận 3, TP.HCM', 'Căn hộ tầng 2, gần ngã tư với Cách Mạng Tháng 8', 10.775658, 106.689460, '2025-03-26 16:11:20.832+00', '2025-03-26 16:11:20.832+00', 0, 0, 0, 170000, 0, 'PENDING', '2025-03-26 16:12:13.436393+00', NULL, NULL);
INSERT INTO public.orders (orderid, userid, pickuplabel, pickupname, pickupphone, pickupaddressdetail, pickupdescription, pickuplatitude, pickuplongitude, deliverylabel, deliveryname, deliveryphone, deliveryaddressdetail, deliverydescription, deliverylatitude, deliverylongitude, pickuptime, deliverytime, shippingfee, shippingdiscount, applicablefee, totalprice, discount, currentstatus, createdat, otherprice, noteforotherprice) VALUES ('250326H2N7P8', '99505d8a-2682-4ed1-9b5f-962580ba72cb', 'Nhà riêng', 'Phạm Nhật Huy', '0388645905', '123 Võ Văn Tần, Phường 6, Quận 3, TP.HCM', 'Căn hộ tầng 2, gần ngã tư với Cách Mạng Tháng 8', 10.775658, 106.689460, 'Nhà riêng', 'Phạm Nhật Huy', '0388645905', '123 Võ Văn Tần, Phường 6, Quận 3, TP.HCM', 'Căn hộ tầng 2, gần ngã tư với Cách Mạng Tháng 8', 10.775658, 106.689460, '2025-03-26 16:11:20.832+00', '2025-03-26 16:11:20.832+00', 0, 0, 0, 170000, 0, 'PENDING', '2025-03-26 16:12:21.804887+00', NULL, NULL);
INSERT INTO public.orders (orderid, userid, pickuplabel, pickupname, pickupphone, pickupaddressdetail, pickupdescription, pickuplatitude, pickuplongitude, deliverylabel, deliveryname, deliveryphone, deliveryaddressdetail, deliverydescription, deliverylatitude, deliverylongitude, pickuptime, deliverytime, shippingfee, shippingdiscount, applicablefee, totalprice, discount, currentstatus, createdat, otherprice, noteforotherprice) VALUES ('250328K5R3T1', '0d3e0249-dc2b-461f-994d-2636de840097', 'Nhà', 'Bùi Tấn Thành', '0942557312', 'Miếu Gò Xoài, Bình Hưng Hoà A, Ho Chi Minh City, Vietnam', '458/8 Miếu Gò Xoài , trong hẻm số 8', 10.779767, 106.604110, 'Nhà', 'Bùi Tấn Thành', '0942557312', 'Miếu Gò Xoài, Bình Hưng Hoà A, Ho Chi Minh City, Vietnam', '458/8 Miếu Gò Xoài , trong hẻm số 8', 10.779767, 106.604110, '2025-03-28 06:54:00+00', '2025-03-29 06:54:00+00', 0, 0, 0, 4069000, 0, 'PENDING', '2025-03-28 06:54:11.462039+00', NULL, NULL);
INSERT INTO public.orders (orderid, userid, pickuplabel, pickupname, pickupphone, pickupaddressdetail, pickupdescription, pickuplatitude, pickuplongitude, deliverylabel, deliveryname, deliveryphone, deliveryaddressdetail, deliverydescription, deliverylatitude, deliverylongitude, pickuptime, deliverytime, shippingfee, shippingdiscount, applicablefee, totalprice, discount, currentstatus, createdat, otherprice, noteforotherprice) VALUES ('250328P9W6Q4', '0d3e0249-dc2b-461f-994d-2636de840097', 'Nhà', 'Bùi Tấn Thành', '0942557312', 'Miếu Gò Xoài, Bình Hưng Hoà A, Ho Chi Minh City, Vietnam', '458/8 Miếu Gò Xoài , trong hẻm số 8', 10.779767, 106.604110, 'Nhà', 'Bùi Tấn Thành', '0942557312', 'Miếu Gò Xoài, Bình Hưng Hoà A, Ho Chi Minh City, Vietnam', '458/8 Miếu Gò Xoài , trong hẻm số 8', 10.779767, 106.604110, '2025-03-28 06:59:00+00', '2025-03-29 06:59:00+00', 0, 0, 0, 80000, 0, 'PENDING', '2025-03-28 06:59:46.343755+00', NULL, NULL);
INSERT INTO public.orders (orderid, userid, pickuplabel, pickupname, pickupphone, pickupaddressdetail, pickupdescription, pickuplatitude, pickuplongitude, deliverylabel, deliveryname, deliveryphone, deliveryaddressdetail, deliverydescription, deliverylatitude, deliverylongitude, pickuptime, deliverytime, shippingfee, shippingdiscount, applicablefee, totalprice, discount, currentstatus, createdat, otherprice, noteforotherprice) VALUES ('250328T2Y8M7', '0d3e0249-dc2b-461f-994d-2636de840097', 'Nhà', 'Bùi Tấn Thành', '0942557312', 'Miếu Gò Xoài, Bình Hưng Hoà A, Ho Chi Minh City, Vietnam', '458/8 Miếu Gò Xoài , trong hẻm số 8', 10.779767, 106.604110, 'Nhà', 'Bùi Tấn Thành', '0942557312', 'Miếu Gò Xoài, Bình Hưng Hoà A, Ho Chi Minh City, Vietnam', '458/8 Miếu Gò Xoài , trong hẻm số 8', 10.779767, 106.604110, '2025-03-28 07:11:00+00', '2025-03-29 07:11:00+00', 0, 0, 0, 215000, 0, 'PENDING', '2025-03-28 07:11:41.779765+00', NULL, NULL);
INSERT INTO public.orders (orderid, userid, pickuplabel, pickupname, pickupphone, pickupaddressdetail, pickupdescription, pickuplatitude, pickuplongitude, deliverylabel, deliveryname, deliveryphone, deliveryaddressdetail, deliverydescription, deliverylatitude, deliverylongitude, pickuptime, deliverytime, shippingfee, shippingdiscount, applicablefee, totalprice, discount, currentstatus, createdat, otherprice, noteforotherprice) VALUES ('250328N6H1K3', '0d3e0249-dc2b-461f-994d-2636de840097', 'Nhà', 'Bùi Tấn Thành', '0942557312', 'Miếu Gò Xoài, Bình Hưng Hoà A, Ho Chi Minh City, Vietnam', '458/8 Miếu Gò Xoài , trong hẻm số 8', 10.779767, 106.604110, 'Nhà', 'Bùi Tấn Thành', '0942557312', 'Miếu Gò Xoài, Bình Hưng Hoà A, Ho Chi Minh City, Vietnam', '458/8 Miếu Gò Xoài , trong hẻm số 8', 10.779767, 106.604110, '2025-03-28 07:13:00+00', '2025-03-29 07:13:00+00', 0, 0, 0, 40000, 0, 'PENDING', '2025-03-28 07:13:26.448379+00', NULL, NULL);
INSERT INTO public.orders (orderid, userid, pickuplabel, pickupname, pickupphone, pickupaddressdetail, pickupdescription, pickuplatitude, pickuplongitude, deliverylabel, deliveryname, deliveryphone, deliveryaddressdetail, deliverydescription, deliverylatitude, deliverylongitude, pickuptime, deliverytime, shippingfee, shippingdiscount, applicablefee, totalprice, discount, currentstatus, createdat, otherprice, noteforotherprice) VALUES ('250328Q3T7P9', '0d3e0249-dc2b-461f-994d-2636de840097', 'Nhà', 'Bùi Tấn Thành', '0942557312', 'Miếu Gò Xoài, Bình Hưng Hoà A, Ho Chi Minh City, Vietnam', '458/8 Miếu Gò Xoài , trong hẻm số 8', 10.779767, 106.604110, 'Nhà', 'Bùi Tấn Thành', '0942557312', 'Miếu Gò Xoài, Bình Hưng Hoà A, Ho Chi Minh City, Vietnam', '458/8 Miếu Gò Xoài , trong hẻm số 8', 10.779767, 106.604110, '2025-03-28 07:15:00+00', '2025-03-29 07:15:00+00', 0, 0, 0, 627000, 0, 'PENDING', '2025-03-28 07:15:14.676129+00', NULL, NULL);
INSERT INTO public.orders (orderid, userid, pickuplabel, pickupname, pickupphone, pickupaddressdetail, pickupdescription, pickuplatitude, pickuplongitude, deliverylabel, deliveryname, deliveryphone, deliveryaddressdetail, deliverydescription, deliverylatitude, deliverylongitude, pickuptime, deliverytime, shippingfee, shippingdiscount, applicablefee, totalprice, discount, currentstatus, createdat, otherprice, noteforotherprice) VALUES ('250328W8R2Y5', '0d3e0249-dc2b-461f-994d-2636de840097', 'Nhà', 'Bùi Tấn Thành', '0942557312', 'Miếu Gò Xoài, Bình Hưng Hoà A, Ho Chi Minh City, Vietnam', '458/8 Miếu Gò Xoài , trong hẻm số 8', 10.779767, 106.604110, 'Nhà', 'Bùi Tấn Thành', '0942557312', 'Miếu Gò Xoài, Bình Hưng Hoà A, Ho Chi Minh City, Vietnam', '458/8 Miếu Gò Xoài , trong hẻm số 8', 10.779767, 106.604110, '2025-03-28 08:16:00+00', '2025-03-29 08:16:00+00', 0, 0, 0, 488000, 0, 'PENDING', '2025-03-28 08:16:33.003405+00', NULL, NULL);
INSERT INTO public.orders (orderid, userid, pickuplabel, pickupname, pickupphone, pickupaddressdetail, pickupdescription, pickuplatitude, pickuplongitude, deliverylabel, deliveryname, deliveryphone, deliveryaddressdetail, deliverydescription, deliverylatitude, deliverylongitude, pickuptime, deliverytime, shippingfee, shippingdiscount, applicablefee, totalprice, discount, currentstatus, createdat, otherprice, noteforotherprice) VALUES ('250328M1N6H4', '0d3e0249-dc2b-461f-994d-2636de840097', 'Nhà', 'Bùi Tấn Thành', '0942557312', 'Miếu Gò Xoài, Bình Hưng Hoà A, Ho Chi Minh City, Vietnam', '458/8 Miếu Gò Xoài , trong hẻm số 8', 10.779767, 106.604110, 'Nhà', 'Bùi Tấn Thành', '0942557312', 'Miếu Gò Xoài, Bình Hưng Hoà A, Ho Chi Minh City, Vietnam', '458/8 Miếu Gò Xoài , trong hẻm số 8', 10.779767, 106.604110, '2025-03-28 08:18:00+00', '2025-03-29 08:18:00+00', 0, 0, 0, 40000, 0, 'PENDING', '2025-03-28 08:19:05.605082+00', NULL, NULL);
INSERT INTO public.orders (orderid, userid, pickuplabel, pickupname, pickupphone, pickupaddressdetail, pickupdescription, pickuplatitude, pickuplongitude, deliverylabel, deliveryname, deliveryphone, deliveryaddressdetail, deliverydescription, deliverylatitude, deliverylongitude, pickuptime, deliverytime, shippingfee, shippingdiscount, applicablefee, totalprice, discount, currentstatus, createdat, otherprice, noteforotherprice) VALUES ('250328Y5K9T2', '0d3e0249-dc2b-461f-994d-2636de840097', 'Nhà', 'Bùi Tấn Thành', '0942557312', 'Miếu Gò Xoài, Bình Hưng Hoà A, Ho Chi Minh City, Vietnam', '458/8 Miếu Gò Xoài , trong hẻm số 8', 10.779767, 106.604110, 'Nhà', 'Bùi Tấn Thành', '0942557312', 'Miếu Gò Xoài, Bình Hưng Hoà A, Ho Chi Minh City, Vietnam', '458/8 Miếu Gò Xoài , trong hẻm số 8', 10.779767, 106.604110, '2025-03-28 17:40:00+00', '2025-03-29 17:40:00+00', 0, 0, 0, 180000, 0, 'PENDING', '2025-03-28 17:40:46.96667+00', NULL, NULL);
INSERT INTO public.orders (orderid, userid, pickuplabel, pickupname, pickupphone, pickupaddressdetail, pickupdescription, pickuplatitude, pickuplongitude, deliverylabel, deliveryname, deliveryphone, deliveryaddressdetail, deliverydescription, deliverylatitude, deliverylongitude, pickuptime, deliverytime, shippingfee, shippingdiscount, applicablefee, totalprice, discount, currentstatus, createdat, otherprice, noteforotherprice) VALUES ('250328H3P7W8', '0d3e0249-dc2b-461f-994d-2636de840097', 'Nhà', 'Bùi Tấn Thành', '0942557312', 'Miếu Gò Xoài, Bình Hưng Hoà A, Ho Chi Minh City, Vietnam', '458/8 Miếu Gò Xoài , trong hẻm số 8', 10.779767, 106.604110, 'Nhà', 'Bùi Tấn Thành', '0942557312', 'Miếu Gò Xoài, Bình Hưng Hoà A, Ho Chi Minh City, Vietnam', '458/8 Miếu Gò Xoài , trong hẻm số 8', 10.779767, 106.604110, '2025-03-28 17:58:00+00', '2025-03-29 17:58:00+00', 0, 0, 0, 1046000, 0, 'PENDING', '2025-03-28 17:59:26.289541+00', NULL, NULL);
INSERT INTO public.orders (orderid, userid, pickuplabel, pickupname, pickupphone, pickupaddressdetail, pickupdescription, pickuplatitude, pickuplongitude, deliverylabel, deliveryname, deliveryphone, deliveryaddressdetail, deliverydescription, deliverylatitude, deliverylongitude, pickuptime, deliverytime, shippingfee, shippingdiscount, applicablefee, totalprice, discount, currentstatus, createdat, otherprice, noteforotherprice) VALUES ('250328T6Q1N4', '0d3e0249-dc2b-461f-994d-2636de840097', 'Nhà', 'Bùi Tấn Thành', '0942557312', 'Miếu Gò Xoài, Bình Hưng Hoà A, Ho Chi Minh City, Vietnam', '458/8 Miếu Gò Xoài , trong hẻm số 8', 10.779767, 106.604110, 'Nhà', 'Bùi Tấn Thành', '0942557312', 'Miếu Gò Xoài, Bình Hưng Hoà A, Ho Chi Minh City, Vietnam', '458/8 Miếu Gò Xoài , trong hẻm số 8', 10.779767, 106.604110, '2025-03-28 18:17:00+00', '2025-03-29 18:17:00+00', 0, 0, 0, 976000, 0, 'PENDING', '2025-03-28 18:17:56.680761+00', NULL, NULL);
INSERT INTO public.orders (orderid, userid, pickuplabel, pickupname, pickupphone, pickupaddressdetail, pickupdescription, pickuplatitude, pickuplongitude, deliverylabel, deliveryname, deliveryphone, deliveryaddressdetail, deliverydescription, deliverylatitude, deliverylongitude, pickuptime, deliverytime, shippingfee, shippingdiscount, applicablefee, totalprice, discount, currentstatus, createdat, otherprice, noteforotherprice) VALUES ('250329R9M5K2', '0d3e0249-dc2b-461f-994d-2636de840097', 'Nhà', 'Bùi Tấn Thành', '0942557312', 'Miếu Gò Xoài, Bình Hưng Hoà A, Ho Chi Minh City, Vietnam', '458/8 Miếu Gò Xoài , trong hẻm số 8', 10.779767, 106.604110, 'Nhà', 'Bùi Tấn Thành', '0942557312', 'Miếu Gò Xoài, Bình Hưng Hoà A, Ho Chi Minh City, Vietnam', '458/8 Miếu Gò Xoài , trong hẻm số 8', 10.779767, 106.604110, '2025-03-29 06:10:00+00', '2025-03-30 06:10:00+00', 0, 0, 0, 80000, 0, 'PENDING', '2025-03-29 06:10:52.961208+00', NULL, NULL);
INSERT INTO public.orders (orderid, userid, pickuplabel, pickupname, pickupphone, pickupaddressdetail, pickupdescription, pickuplatitude, pickuplongitude, deliverylabel, deliveryname, deliveryphone, deliveryaddressdetail, deliverydescription, deliverylatitude, deliverylongitude, pickuptime, deliverytime, shippingfee, shippingdiscount, applicablefee, totalprice, discount, currentstatus, createdat, otherprice, noteforotherprice) VALUES ('250329N2Y7T8', '0d3e0249-dc2b-461f-994d-2636de840097', 'Nhà', 'Bùi Tấn Thành', '0942557312', 'Miếu Gò Xoài, Bình Hưng Hoà A, Ho Chi Minh City, Vietnam', '458/8 Miếu Gò Xoài , trong hẻm số 8', 10.779767, 106.604110, 'Test', 'Bùi Tấn Thành', '0942557312', 'Trường Chinh, Tân Sơn Nhì, Ho Chi Minh City, Vietnam', '', 10.802295, 106.636355, '2025-03-29 06:14:00+00', '2025-03-30 06:14:00+00', 0, 0, 0, 139000, 0, 'PENDING', '2025-03-29 06:15:53.249838+00', NULL, NULL);
INSERT INTO public.orders (orderid, userid, pickuplabel, pickupname, pickupphone, pickupaddressdetail, pickupdescription, pickuplatitude, pickuplongitude, deliverylabel, deliveryname, deliveryphone, deliveryaddressdetail, deliverydescription, deliverylatitude, deliverylongitude, pickuptime, deliverytime, shippingfee, shippingdiscount, applicablefee, totalprice, discount, currentstatus, createdat, otherprice, noteforotherprice) VALUES ('250329P6H3W1', '0d3e0249-dc2b-461f-994d-2636de840097', 'Nhà', 'Bùi Tấn Thành', '0942557312', 'Miếu Gò Xoài, Bình Hưng Hoà A, Ho Chi Minh City, Vietnam', '458/8 Miếu Gò Xoài , trong hẻm số 8', 10.779767, 106.604110, 'Nhà', 'Bùi Tấn Thành', '0942557312', 'Miếu Gò Xoài, Bình Hưng Hoà A, Ho Chi Minh City, Vietnam', '458/8 Miếu Gò Xoài , trong hẻm số 8', 10.779767, 106.604110, '2025-03-29 06:16:00+00', '2025-03-30 06:16:00+00', 0, 0, 0, 40000, 0, 'PENDING', '2025-03-29 06:16:34.435288+00', NULL, NULL);
INSERT INTO public.orders (orderid, userid, pickuplabel, pickupname, pickupphone, pickupaddressdetail, pickupdescription, pickuplatitude, pickuplongitude, deliverylabel, deliveryname, deliveryphone, deliveryaddressdetail, deliverydescription, deliverylatitude, deliverylongitude, pickuptime, deliverytime, shippingfee, shippingdiscount, applicablefee, totalprice, discount, currentstatus, createdat, otherprice, noteforotherprice) VALUES ('250329K8T2Q5', 'db1b8554-4614-4867-bf67-0fc1a51365b7', 'Nhà', 'Bui', '0942557312', 'Mạc Đĩnh Chi, Dĩ An, Bình Dương, Vietnam', '', 10.883000, 106.782997, 'Nhà', 'Bui', '0942557312', 'Mạc Đĩnh Chi, Dĩ An, Bình Dương, Vietnam', '', 10.883000, 106.782997, '2025-03-30 06:00:00+00', '2025-03-31 02:30:00+00', 0, 0, 0, 219000, 0, 'PENDING', '2025-03-29 06:35:19.453504+00', NULL, NULL);
INSERT INTO public.orders (orderid, userid, pickuplabel, pickupname, pickupphone, pickupaddressdetail, pickupdescription, pickuplatitude, pickuplongitude, deliverylabel, deliveryname, deliveryphone, deliveryaddressdetail, deliverydescription, deliverylatitude, deliverylongitude, pickuptime, deliverytime, shippingfee, shippingdiscount, applicablefee, totalprice, discount, currentstatus, createdat, otherprice, noteforotherprice) VALUES ('250329W1N6R3', 'db1b8554-4614-4867-bf67-0fc1a51365b7', 'Nhà', 'Bui', '0942557312', 'Mạc Đĩnh Chi, Dĩ An, Bình Dương, Vietnam', '', 10.883000, 106.782997, 'Nhà', 'Bui', '0942557312', 'Tân Bình, Ho Chi Minh City, Vietnam', '', 10.801616, 106.651680, '2025-03-29 06:37:00+00', '2025-03-30 06:37:00+00', 0, 0, 0, 40000, 0, 'PENDING', '2025-03-29 06:37:30.446876+00', NULL, NULL);
INSERT INTO public.orders (orderid, userid, pickuplabel, pickupname, pickupphone, pickupaddressdetail, pickupdescription, pickuplatitude, pickuplongitude, deliverylabel, deliveryname, deliveryphone, deliveryaddressdetail, deliverydescription, deliverylatitude, deliverylongitude, pickuptime, deliverytime, shippingfee, shippingdiscount, applicablefee, totalprice, discount, currentstatus, createdat, otherprice, noteforotherprice) VALUES ('250329Y4M9H7', '0d3e0249-dc2b-461f-994d-2636de840097', 'Nhà', 'Bùi Tấn Thành', '0942557312', 'Miếu Gò Xoài, Bình Hưng Hoà A, Ho Chi Minh City, Vietnam', '458/8 Miếu Gò Xoài , trong hẻm số 8', 10.779767, 106.604110, 'Nhà', 'Bùi Tấn Thành', '0942557312', 'Miếu Gò Xoài, Bình Hưng Hoà A, Ho Chi Minh City, Vietnam', '458/8 Miếu Gò Xoài , trong hẻm số 8', 10.779767, 106.604110, '2025-03-29 17:32:00+00', '2025-03-30 17:32:00+00', 0, 0, 0, 40000, 0, 'PENDING', '2025-03-29 17:33:04.043437+00', NULL, NULL);
INSERT INTO public.orders (orderid, userid, pickuplabel, pickupname, pickupphone, pickupaddressdetail, pickupdescription, pickuplatitude, pickuplongitude, deliverylabel, deliveryname, deliveryphone, deliveryaddressdetail, deliverydescription, deliverylatitude, deliverylongitude, pickuptime, deliverytime, shippingfee, shippingdiscount, applicablefee, totalprice, discount, currentstatus, createdat, otherprice, noteforotherprice) VALUES ('250329Q7K2T5', '0d3e0249-dc2b-461f-994d-2636de840097', 'Nhà', 'Bùi Tấn Thành', '0942557312', 'Miếu Gò Xoài, Bình Hưng Hoà A, Ho Chi Minh City, Vietnam', '458/8 Miếu Gò Xoài , trong hẻm số 8', 10.779767, 106.604110, 'Nhà', 'Bùi Tấn Thành', '0942557312', 'Miếu Gò Xoài, Bình Hưng Hoà A, Ho Chi Minh City, Vietnam', '458/8 Miếu Gò Xoài , trong hẻm số 8', 10.779767, 106.604110, '2025-03-29 17:33:00+00', '2025-03-30 17:33:00+00', 0, 0, 0, 40000, 0, 'PENDING', '2025-03-29 17:33:47.816476+00', NULL, NULL);
INSERT INTO public.orders (orderid, userid, pickuplabel, pickupname, pickupphone, pickupaddressdetail, pickupdescription, pickuplatitude, pickuplongitude, deliverylabel, deliveryname, deliveryphone, deliveryaddressdetail, deliverydescription, deliverylatitude, deliverylongitude, pickuptime, deliverytime, shippingfee, shippingdiscount, applicablefee, totalprice, discount, currentstatus, createdat, otherprice, noteforotherprice) VALUES ('250329T3P8N1', '0d3e0249-dc2b-461f-994d-2636de840097', 'Nhà', 'Bùi Tấn Thành', '0942557312', 'Miếu Gò Xoài, Bình Hưng Hoà A, Ho Chi Minh City, Vietnam', '458/8 Miếu Gò Xoài , trong hẻm số 8', 10.779767, 106.604110, 'Nhà', 'Bùi Tấn Thành', '0942557312', 'Miếu Gò Xoài, Bình Hưng Hoà A, Ho Chi Minh City, Vietnam', '458/8 Miếu Gò Xoài , trong hẻm số 8', 10.779767, 106.604110, '2025-03-29 17:36:00+00', '2025-03-30 17:36:00+00', 0, 0, 0, 139000, 0, 'PENDING', '2025-03-29 17:36:51.531971+00', NULL, NULL);
INSERT INTO public.orders (orderid, userid, pickuplabel, pickupname, pickupphone, pickupaddressdetail, pickupdescription, pickuplatitude, pickuplongitude, deliverylabel, deliveryname, deliveryphone, deliveryaddressdetail, deliverydescription, deliverylatitude, deliverylongitude, pickuptime, deliverytime, shippingfee, shippingdiscount, applicablefee, totalprice, discount, currentstatus, createdat, otherprice, noteforotherprice) VALUES ('250329H6W4Y9', '0d3e0249-dc2b-461f-994d-2636de840097', 'Nhà', 'Bùi Tấn Thành', '0942557312', 'Miếu Gò Xoài, Bình Hưng Hoà A, Ho Chi Minh City, Vietnam', '458/8 Miếu Gò Xoài , trong hẻm số 8', 10.779767, 106.604110, 'Nhà', 'Bùi Tấn Thành', '0942557312', 'Miếu Gò Xoài, Bình Hưng Hoà A, Ho Chi Minh City, Vietnam', '458/8 Miếu Gò Xoài , trong hẻm số 8', 10.779767, 106.604110, '2025-03-29 17:38:00+00', '2025-03-30 17:38:00+00', 0, 0, 0, 139000, 0, 'PENDING', '2025-03-29 17:38:44.351688+00', NULL, NULL);
INSERT INTO public.orders (orderid, userid, pickuplabel, pickupname, pickupphone, pickupaddressdetail, pickupdescription, pickuplatitude, pickuplongitude, deliverylabel, deliveryname, deliveryphone, deliveryaddressdetail, deliverydescription, deliverylatitude, deliverylongitude, pickuptime, deliverytime, shippingfee, shippingdiscount, applicablefee, totalprice, discount, currentstatus, createdat, otherprice, noteforotherprice) VALUES ('250329R2Q7M5', '0d3e0249-dc2b-461f-994d-2636de840097', 'Nhà', 'Bùi Tấn Thành', '0942557312', 'Miếu Gò Xoài, Bình Hưng Hoà A, Ho Chi Minh City, Vietnam', '458/8 Miếu Gò Xoài , trong hẻm số 8', 10.779767, 106.604110, 'Nhà', 'Bùi Tấn Thành', '0942557312', 'Miếu Gò Xoài, Bình Hưng Hoà A, Ho Chi Minh City, Vietnam', '458/8 Miếu Gò Xoài , trong hẻm số 8', 10.779767, 106.604110, '2025-03-29 17:39:00+00', '2025-03-30 17:39:00+00', 0, 0, 0, 139000, 0, 'PENDING', '2025-03-29 17:39:47.967222+00', NULL, NULL);
INSERT INTO public.orders (orderid, userid, pickuplabel, pickupname, pickupphone, pickupaddressdetail, pickupdescription, pickuplatitude, pickuplongitude, deliverylabel, deliveryname, deliveryphone, deliveryaddressdetail, deliverydescription, deliverylatitude, deliverylongitude, pickuptime, deliverytime, shippingfee, shippingdiscount, applicablefee, totalprice, discount, currentstatus, createdat, otherprice, noteforotherprice) VALUES ('250329N9T3K8', '0d3e0249-dc2b-461f-994d-2636de840097', 'Nhà', 'Bùi Tấn Thành', '0942557312', 'Miếu Gò Xoài, Bình Hưng Hoà A, Ho Chi Minh City, Vietnam', '458/8 Miếu Gò Xoài , trong hẻm số 8', 10.779767, 106.604110, 'Nhà', 'Bùi Tấn Thành', '0942557312', 'Miếu Gò Xoài, Bình Hưng Hoà A, Ho Chi Minh City, Vietnam', '458/8 Miếu Gò Xoài , trong hẻm số 8', 10.779767, 106.604110, '2025-03-29 17:40:00+00', '2025-03-30 17:40:00+00', 0, 0, 0, 139000, 0, 'PENDING', '2025-03-29 17:41:09.08895+00', NULL, NULL);
INSERT INTO public.orders (orderid, userid, pickuplabel, pickupname, pickupphone, pickupaddressdetail, pickupdescription, pickuplatitude, pickuplongitude, deliverylabel, deliveryname, deliveryphone, deliveryaddressdetail, deliverydescription, deliverylatitude, deliverylongitude, pickuptime, deliverytime, shippingfee, shippingdiscount, applicablefee, totalprice, discount, currentstatus, createdat, otherprice, noteforotherprice) VALUES ('250329P5H1W6', '0d3e0249-dc2b-461f-994d-2636de840097', 'Nhà', 'Bùi Tấn Thành', '0942557312', 'Miếu Gò Xoài, Bình Hưng Hoà A, Ho Chi Minh City, Vietnam', '458/8 Miếu Gò Xoài , trong hẻm số 8', 10.779767, 106.604110, 'Nhà', 'Bùi Tấn Thành', '0942557312', 'Miếu Gò Xoài, Bình Hưng Hoà A, Ho Chi Minh City, Vietnam', '458/8 Miếu Gò Xoài , trong hẻm số 8', 10.779767, 106.604110, '2025-03-29 17:46:00+00', '2025-03-30 17:46:00+00', 0, 0, 0, 139000, 0, 'PENDING', '2025-03-29 17:46:44.131609+00', NULL, NULL);
INSERT INTO public.orders (orderid, userid, pickuplabel, pickupname, pickupphone, pickupaddressdetail, pickupdescription, pickuplatitude, pickuplongitude, deliverylabel, deliveryname, deliveryphone, deliveryaddressdetail, deliverydescription, deliverylatitude, deliverylongitude, pickuptime, deliverytime, shippingfee, shippingdiscount, applicablefee, totalprice, discount, currentstatus, createdat, otherprice, noteforotherprice) VALUES ('250330M7Y4T2', 'db1b8554-4614-4867-bf67-0fc1a51365b7', 'Nhà', 'Bui tan thanh', '0942557312', 'Mạc Đĩnh Chi, Dĩ An, Bình Dương, Vietnam', '', 10.883000, 106.782997, 'Nhà', 'Bui tan thanh', '0942557312', 'Mạc Đĩnh Chi, Dĩ An, Bình Dương, Vietnam', '', 10.883000, 106.782997, '2025-03-30 07:54:00+00', '2025-03-31 07:54:00+00', 0, 0, 0, 488000, 0, 'PENDING', '2025-03-30 07:54:59.976061+00', NULL, NULL);
INSERT INTO public.orders (orderid, userid, pickuplabel, pickupname, pickupphone, pickupaddressdetail, pickupdescription, pickuplatitude, pickuplongitude, deliverylabel, deliveryname, deliveryphone, deliveryaddressdetail, deliverydescription, deliverylatitude, deliverylongitude, pickuptime, deliverytime, shippingfee, shippingdiscount, applicablefee, totalprice, discount, currentstatus, createdat, otherprice, noteforotherprice) VALUES ('250330K3N8Q6', 'db1b8554-4614-4867-bf67-0fc1a51365b7', 'Nhà', 'Bui tan thanh', '0942557312', 'Mạc Đĩnh Chi, Dĩ An, Bình Dương, Vietnam', '', 10.883000, 106.782997, 'Nhà', 'Bui tan thanh', '0942557312', 'Mạc Đĩnh Chi, Dĩ An, Bình Dương, Vietnam', '', 10.883000, 106.782997, '2025-03-30 12:57:00+00', '2025-03-31 12:57:00+00', 60000, 30000, 0, 490000, 0, 'PENDING', '2025-03-30 13:28:24.052694+00', NULL, NULL);
INSERT INTO public.orders (orderid, userid, pickuplabel, pickupname, pickupphone, pickupaddressdetail, pickupdescription, pickuplatitude, pickuplongitude, deliverylabel, deliveryname, deliveryphone, deliveryaddressdetail, deliverydescription, deliverylatitude, deliverylongitude, pickuptime, deliverytime, shippingfee, shippingdiscount, applicablefee, totalprice, discount, currentstatus, createdat, otherprice, noteforotherprice) VALUES ('250330W9T2H5', 'db1b8554-4614-4867-bf67-0fc1a51365b7', 'Nhà', 'Bui tan thanh', '0942557312', 'Mạc Đĩnh Chi, Dĩ An, Bình Dương, Vietnam', '', 10.883000, 106.782997, 'Nhà', 'Bui tan thanh', '0942557312', '113 đường Bình Long, Phú Thọ Hòa, Bình Tân Ho Chi Minh City', '', 10.785350, 106.618490, '2025-03-30 14:05:00+00', '2025-03-31 14:05:00+00', 70000, 0, 0, 110000, 0, 'PENDING', '2025-03-30 14:08:24.925643+00', NULL, NULL);
INSERT INTO public.orders (orderid, userid, pickuplabel, pickupname, pickupphone, pickupaddressdetail, pickupdescription, pickuplatitude, pickuplongitude, deliverylabel, deliveryname, deliveryphone, deliveryaddressdetail, deliverydescription, deliverylatitude, deliverylongitude, pickuptime, deliverytime, shippingfee, shippingdiscount, applicablefee, totalprice, discount, currentstatus, createdat, otherprice, noteforotherprice) VALUES ('250331R6P1M3', 'db1b8554-4614-4867-bf67-0fc1a51365b7', 'Nhà', 'Bui tan thanh', '0942557312', 'Mạc Đĩnh Chi, Dĩ An, Bình Dương, Vietnam', '', 10.883000, 106.782997, 'Nhà', 'Bui tan thanh', '0942557312', 'Mạc Đĩnh Chi, Dĩ An, Bình Dương, Vietnam', '', 10.883000, 106.782997, '2025-03-31 08:09:00+00', '2025-04-01 08:09:00+00', 60000, 0, 0, 199000, 0, 'PENDING', '2025-03-31 08:09:25.772628+00', NULL, NULL);
INSERT INTO public.orders (orderid, userid, pickuplabel, pickupname, pickupphone, pickupaddressdetail, pickupdescription, pickuplatitude, pickuplongitude, deliverylabel, deliveryname, deliveryphone, deliveryaddressdetail, deliverydescription, deliverylatitude, deliverylongitude, pickuptime, deliverytime, shippingfee, shippingdiscount, applicablefee, totalprice, discount, currentstatus, createdat, otherprice, noteforotherprice) VALUES ('250402T8K5N7', 'db1b8554-4614-4867-bf67-0fc1a51365b7', 'Nhà', 'Bui tan thanh', '0942557312', 'Mạc Đĩnh Chi, Dĩ An, Bình Dương, Vietnam', '', 10.883000, 106.782997, 'Nhà', 'Bui tan thanh', '0942557312', 'Mạc Đĩnh Chi, Dĩ An, Bình Dương, Vietnam', '', 10.883000, 106.782997, '2025-04-02 08:26:00+00', '2025-04-03 08:26:00+00', 60000, 0, 0, 100000, 0, 'PENDING', '2025-04-02 08:26:53.09749+00', NULL, NULL);
INSERT INTO public.orders (orderid, userid, pickuplabel, pickupname, pickupphone, pickupaddressdetail, pickupdescription, pickuplatitude, pickuplongitude, deliverylabel, deliveryname, deliveryphone, deliveryaddressdetail, deliverydescription, deliverylatitude, deliverylongitude, pickuptime, deliverytime, shippingfee, shippingdiscount, applicablefee, totalprice, discount, currentstatus, createdat, otherprice, noteforotherprice) VALUES ('250402H2Y9Q4', 'db1b8554-4614-4867-bf67-0fc1a51365b7', 'Nhà', 'Bui tan thanh', '0942557312', 'Mạc Đĩnh Chi, Dĩ An, Bình Dương, Vietnam', '', 10.883000, 106.782997, 'Nhà', 'Bui tan thanh', '0942557312', 'Mạc Đĩnh Chi, Dĩ An, Bình Dương, Vietnam', '', 10.883000, 106.782997, '2025-04-02 08:27:00+00', '2025-04-03 08:27:00+00', 60000, 0, 0, 199000, 0, 'PENDING', '2025-04-02 08:27:51.609994+00', NULL, NULL);
INSERT INTO public.orders (orderid, userid, pickuplabel, pickupname, pickupphone, pickupaddressdetail, pickupdescription, pickuplatitude, pickuplongitude, deliverylabel, deliveryname, deliveryphone, deliveryaddressdetail, deliverydescription, deliverylatitude, deliverylongitude, pickuptime, deliverytime, shippingfee, shippingdiscount, applicablefee, totalprice, discount, currentstatus, createdat, otherprice, noteforotherprice) VALUES ('250402N6W3T1', 'db1b8554-4614-4867-bf67-0fc1a51365b7', 'Nhà', 'Bui tan thanh', '0942557312', 'Mạc Đĩnh Chi, Dĩ An, Bình Dương, Vietnam', '', 10.883000, 106.782997, 'Nhà', 'Bui tan thanh', '0942557312', 'Mạc Đĩnh Chi, Dĩ An, Bình Dương, Vietnam', '', 10.883000, 106.782997, '2025-04-02 08:37:00+00', '2025-04-03 08:37:00+00', 60000, -30000, 0, 430000, 0, 'PENDING', '2025-04-02 08:39:22.843963+00', NULL, NULL);
INSERT INTO public.orders (orderid, userid, pickuplabel, pickupname, pickupphone, pickupaddressdetail, pickupdescription, pickuplatitude, pickuplongitude, deliverylabel, deliveryname, deliveryphone, deliveryaddressdetail, deliverydescription, deliverylatitude, deliverylongitude, pickuptime, deliverytime, shippingfee, shippingdiscount, applicablefee, totalprice, discount, currentstatus, createdat, otherprice, noteforotherprice) VALUES ('250402P9M7K5', 'db1b8554-4614-4867-bf67-0fc1a51365b7', 'Nhà', 'Bui tan thanh', '0942557312', 'Mạc Đĩnh Chi, Dĩ An, Bình Dương, Vietnam', '', 10.883000, 106.782997, 'Nhà', 'Bui tan thanh', '0942557312', 'Mạc Đĩnh Chi, Dĩ An, Bình Dương, Vietnam', '', 10.883000, 106.782997, '2025-04-02 08:45:43.261+00', '2025-04-02 08:45:43.261+00', 60000, -30000, 0, 70000, 0, 'PENDING', '2025-04-02 08:47:12.349779+00', NULL, NULL);
INSERT INTO public.orders (orderid, userid, pickuplabel, pickupname, pickupphone, pickupaddressdetail, pickupdescription, pickuplatitude, pickuplongitude, deliverylabel, deliveryname, deliveryphone, deliveryaddressdetail, deliverydescription, deliverylatitude, deliverylongitude, pickuptime, deliverytime, shippingfee, shippingdiscount, applicablefee, totalprice, discount, currentstatus, createdat, otherprice, noteforotherprice) VALUES ('250402Q3T8H2', 'db1b8554-4614-4867-bf67-0fc1a51365b7', 'Nhà', 'Bui tan thanh', '0942557312', 'Mạc Đĩnh Chi, Dĩ An, Bình Dương, Vietnam', '', 10.883000, 106.782997, 'Nhà', 'Bui tan thanh', '0942557312', 'Mạc Đĩnh Chi, Dĩ An, Bình Dương, Vietnam', '', 10.883000, 106.782997, '2025-04-02 08:45:43.261+00', '2025-04-02 08:45:43.261+00', 60000, -30000, 0, 70000, 0, 'PENDING', '2025-04-02 08:48:11.740633+00', NULL, NULL);
INSERT INTO public.orders (orderid, userid, pickuplabel, pickupname, pickupphone, pickupaddressdetail, pickupdescription, pickuplatitude, pickuplongitude, deliverylabel, deliveryname, deliveryphone, deliveryaddressdetail, deliverydescription, deliverylatitude, deliverylongitude, pickuptime, deliverytime, shippingfee, shippingdiscount, applicablefee, totalprice, discount, currentstatus, createdat, otherprice, noteforotherprice) VALUES ('250402Y5N1W6', 'db1b8554-4614-4867-bf67-0fc1a51365b7', 'Nhà', 'Bui tan thanh', '0942557312', 'Mạc Đĩnh Chi, Dĩ An, Bình Dương, Vietnam', '', 10.883000, 106.782997, 'Nhà', 'Bui tan thanh', '0942557312', 'Mạc Đĩnh Chi, Dĩ An, Bình Dương, Vietnam', '', 10.883000, 106.782997, '2025-04-02 08:45:43.261+00', '2025-04-02 08:45:43.261+00', 60000, -30000, 0, 70000, 0, 'PENDING', '2025-04-02 08:51:54.805601+00', NULL, NULL);
INSERT INTO public.orders (orderid, userid, pickuplabel, pickupname, pickupphone, pickupaddressdetail, pickupdescription, pickuplatitude, pickuplongitude, deliverylabel, deliveryname, deliveryphone, deliveryaddressdetail, deliverydescription, deliverylatitude, deliverylongitude, pickuptime, deliverytime, shippingfee, shippingdiscount, applicablefee, totalprice, discount, currentstatus, createdat, otherprice, noteforotherprice) VALUES ('250402K7P4T9', 'db1b8554-4614-4867-bf67-0fc1a51365b7', 'Nhà', 'Bui tan thanh', '0942557312', 'Mạc Đĩnh Chi, Dĩ An, Bình Dương, Vietnam', '', 10.883000, 106.782997, 'Nhà', 'Bui tan thanh', '0942557312', 'Mạc Đĩnh Chi, Dĩ An, Bình Dương, Vietnam', '', 10.883000, 106.782997, '2025-04-02 08:45:43.261+00', '2025-04-02 08:45:43.261+00', 60000, -30000, 0, 70000, 0, 'PENDING', '2025-04-02 08:54:17.561659+00', NULL, NULL);
INSERT INTO public.orders (orderid, userid, pickuplabel, pickupname, pickupphone, pickupaddressdetail, pickupdescription, pickuplatitude, pickuplongitude, deliverylabel, deliveryname, deliveryphone, deliveryaddressdetail, deliverydescription, deliverylatitude, deliverylongitude, pickuptime, deliverytime, shippingfee, shippingdiscount, applicablefee, totalprice, discount, currentstatus, createdat, otherprice, noteforotherprice) VALUES ('250402M2H8Q3', 'f47ac10b-58cc-4372-a567-0e02b2c3d479', NULL, NULL, NULL, NULL, NULL, NULL, NULL, NULL, NULL, NULL, NULL, NULL, NULL, NULL, NULL, NULL, NULL, NULL, NULL, NULL, NULL, 'INCART', '2025-04-02 18:43:38.32246+00', NULL, NULL);
INSERT INTO public.orders (orderid, userid, pickuplabel, pickupname, pickupphone, pickupaddressdetail, pickupdescription, pickuplatitude, pickuplongitude, deliverylabel, deliveryname, deliveryphone, deliveryaddressdetail, deliverydescription, deliverylatitude, deliverylongitude, pickuptime, deliverytime, shippingfee, shippingdiscount, applicablefee, totalprice, discount, currentstatus, createdat, otherprice, noteforotherprice) VALUES ('250402W6T1N5', 'db1b8554-4614-4867-bf67-0fc1a51365b7', 'Nhà', 'Bui tan thanh', '0942557312', 'Mạc Đĩnh Chi, Dĩ An, Bình Dương, Vietnam', '', 10.883000, 106.782997, 'Nhà', 'Bui tan thanh', '0942557312', 'Mạc Đĩnh Chi, Dĩ An, Bình Dương, Vietnam', '', 10.883000, 106.782997, '2025-04-02 07:48:00+00', '2025-04-03 07:48:00+00', 60000, 0, 0, 100000, 0, 'CONFIRMED', '2025-04-02 07:48:35.903423+00', NULL, NULL);
INSERT INTO public.orders (orderid, userid, pickuplabel, pickupname, pickupphone, pickupaddressdetail, pickupdescription, pickuplatitude, pickuplongitude, deliverylabel, deliveryname, deliveryphone, deliveryaddressdetail, deliverydescription, deliverylatitude, deliverylongitude, pickuptime, deliverytime, shippingfee, shippingdiscount, applicablefee, totalprice, discount, currentstatus, createdat, otherprice, noteforotherprice) VALUES ('250403T9K3Y7', 'db1b8554-4614-4867-bf67-0fc1a51365b7', 'Nhà', 'Bui tan thanh', '0942557312', 'Mạc Đĩnh Chi, Dĩ An, Bình Dương, Vietnam', '', 10.883000, 106.782997, 'Nhà', 'Bui tan thanh', '0942557312', 'Mạc Đĩnh Chi, Dĩ An, Bình Dương, Vietnam', '', 10.883000, 106.782997, '2025-04-03 06:59:00+00', '2025-04-04 06:59:00+00', 60000, 0, 0, 100000, 0, 'PENDING', '2025-04-03 07:01:10.9605+00', NULL, NULL);
INSERT INTO public.orders (orderid, userid, pickuplabel, pickupname, pickupphone, pickupaddressdetail, pickupdescription, pickuplatitude, pickuplongitude, deliverylabel, deliveryname, deliveryphone, deliveryaddressdetail, deliverydescription, deliverylatitude, deliverylongitude, pickuptime, deliverytime, shippingfee, shippingdiscount, applicablefee, totalprice, discount, currentstatus, createdat, otherprice, noteforotherprice) VALUES ('250403H5P8M2', 'db1b8554-4614-4867-bf67-0fc1a51365b7', 'Nhà', 'Bui tan thanh', '0942557312', 'Mạc Đĩnh Chi, Dĩ An, Bình Dương, Vietnam', '', 10.883000, 106.782997, 'Nhà', 'Bui tan thanh', '0942557312', 'Mạc Đĩnh Chi, Dĩ An, Bình Dương, Vietnam', '', 10.883000, 106.782997, '2025-04-03 07:02:00+00', '2025-04-04 07:02:00+00', 60000, 0, 0, 100000, 0, 'PENDING', '2025-04-03 07:02:37.672283+00', NULL, NULL);
INSERT INTO public.orders (orderid, userid, pickuplabel, pickupname, pickupphone, pickupaddressdetail, pickupdescription, pickuplatitude, pickuplongitude, deliverylabel, deliveryname, deliveryphone, deliveryaddressdetail, deliverydescription, deliverylatitude, deliverylongitude, pickuptime, deliverytime, shippingfee, shippingdiscount, applicablefee, totalprice, discount, currentstatus, createdat, otherprice, noteforotherprice) VALUES ('250403N1W6T4', 'db1b8554-4614-4867-bf67-0fc1a51365b7', 'Nhà', 'Bui tan thanh', '0942557312', 'Mạc Đĩnh Chi, Dĩ An, Bình Dương, Vietnam', '', 10.883000, 106.782997, 'Nhà', 'Bui tan thanh', '0942557312', 'Mạc Đĩnh Chi, Dĩ An, Bình Dương, Vietnam', '', 10.883000, 106.782997, '2025-04-03 07:10:00+00', '2025-04-04 07:10:00+00', 60000, 0, 0, 100000, 0, 'PENDING', '2025-04-03 07:10:40.227184+00', NULL, NULL);
INSERT INTO public.orders (orderid, userid, pickuplabel, pickupname, pickupphone, pickupaddressdetail, pickupdescription, pickuplatitude, pickuplongitude, deliverylabel, deliveryname, deliveryphone, deliveryaddressdetail, deliverydescription, deliverylatitude, deliverylongitude, pickuptime, deliverytime, shippingfee, shippingdiscount, applicablefee, totalprice, discount, currentstatus, createdat, otherprice, noteforotherprice) VALUES ('250403Q7Y2K9', 'db1b8554-4614-4867-bf67-0fc1a51365b7', 'Nhà', 'Bui tan thanh', '0942557312', 'Mạc Đĩnh Chi, Dĩ An, Bình Dương, Vietnam', '', 10.883000, 106.782997, 'Nhà', 'Bui tan thanh', '0942557312', 'Mạc Đĩnh Chi, Dĩ An, Bình Dương, Vietnam', '', 10.883000, 106.782997, '2025-04-03 07:17:39.563+00', '2025-04-03 07:17:39.563+00', 60000, 0, 0, 100000, 0, 'PENDING', '2025-04-03 07:19:01.731091+00', NULL, NULL);
INSERT INTO public.orders (orderid, userid, pickuplabel, pickupname, pickupphone, pickupaddressdetail, pickupdescription, pickuplatitude, pickuplongitude, deliverylabel, deliveryname, deliveryphone, deliveryaddressdetail, deliverydescription, deliverylatitude, deliverylongitude, pickuptime, deliverytime, shippingfee, shippingdiscount, applicablefee, totalprice, discount, currentstatus, createdat, otherprice, noteforotherprice) VALUES ('250403P3M8H6', 'db1b8554-4614-4867-bf67-0fc1a51365b7', 'Nhà', 'Bui tan thanh', '0942557312', 'Mạc Đĩnh Chi, Dĩ An, Bình Dương, Vietnam', '', 10.883000, 106.782997, 'Nhà', 'Bui tan thanh', '0942557312', 'Mạc Đĩnh Chi, Dĩ An, Bình Dương, Vietnam', '', 10.883000, 106.782997, '2025-04-03 07:17:39.563+00', '2025-04-03 07:17:39.563+00', 60000, 0, 0, 100000, 0, 'PENDING', '2025-04-03 07:25:03.100457+00', NULL, NULL);
INSERT INTO public.orders (orderid, userid, pickuplabel, pickupname, pickupphone, pickupaddressdetail, pickupdescription, pickuplatitude, pickuplongitude, deliverylabel, deliveryname, deliveryphone, deliveryaddressdetail, deliverydescription, deliverylatitude, deliverylongitude, pickuptime, deliverytime, shippingfee, shippingdiscount, applicablefee, totalprice, discount, currentstatus, createdat, otherprice, noteforotherprice) VALUES ('250403R9T5N1', 'db1b8554-4614-4867-bf67-0fc1a51365b7', 'Nhà', 'Bui tan thanh', '0942557312', 'Mạc Đĩnh Chi, Dĩ An, Bình Dương, Vietnam', '', 10.883000, 106.782997, 'Nhà', 'Bui tan thanh', '0942557312', 'Mạc Đĩnh Chi, Dĩ An, Bình Dương, Vietnam', '', 10.883000, 106.782997, '2025-04-03 07:26:00+00', '2025-04-04 07:26:00+00', 60000, 0, 0, 100000, 0, 'CANCELLED', '2025-04-03 07:26:28.530097+00', NULL, NULL);
INSERT INTO public.orders (orderid, userid, pickuplabel, pickupname, pickupphone, pickupaddressdetail, pickupdescription, pickuplatitude, pickuplongitude, deliverylabel, deliveryname, deliveryphone, deliveryaddressdetail, deliverydescription, deliverylatitude, deliverylongitude, pickuptime, deliverytime, shippingfee, shippingdiscount, applicablefee, totalprice, discount, currentstatus, createdat, otherprice, noteforotherprice) VALUES ('250403K2W7Q4', 'db1b8554-4614-4867-bf67-0fc1a51365b7', 'Nhà', 'Bui tan thanh', '0942557312', 'Mạc Đĩnh Chi, Dĩ An, Bình Dương, Vietnam', '', 10.883000, 106.782997, 'Nhà', 'Bui tan thanh', '0942557312', '113 đường Bình Long, Phú Thọ Hòa, Bình Tân Ho Chi Minh City', '', 10.785350, 106.618490, '2025-04-03 08:45:00+00', '2025-04-04 08:45:00+00', 70000, 0, 0, 270000, 0, 'PENDING', '2025-04-03 08:46:23.62544+00', NULL, NULL);
INSERT INTO public.orders (orderid, userid, pickuplabel, pickupname, pickupphone, pickupaddressdetail, pickupdescription, pickuplatitude, pickuplongitude, deliverylabel, deliveryname, deliveryphone, deliveryaddressdetail, deliverydescription, deliverylatitude, deliverylongitude, pickuptime, deliverytime, shippingfee, shippingdiscount, applicablefee, totalprice, discount, currentstatus, createdat, otherprice, noteforotherprice) VALUES ('250402Y8H3T6', 'db1b8554-4614-4867-bf67-0fc1a51365b7', 'Nhà', 'Bui tan thanh', '0942557312', 'Mạc Đĩnh Chi, Dĩ An, Bình Dương, Vietnam', '', 10.883000, 106.782997, 'Nhà', 'Bui tan thanh', '0942557312', 'Mạc Đĩnh Chi, Dĩ An, Bình Dương, Vietnam', '', 10.883000, 106.782997, '2025-04-02 08:45:43.261+00', '2025-04-02 08:45:43.261+00', 60000, -30000, 0, 70000, 0, 'CONFIRMED', '2025-04-02 08:54:47.605356+00', NULL, NULL);
INSERT INTO public.orders (orderid, userid, pickuplabel, pickupname, pickupphone, pickupaddressdetail, pickupdescription, pickuplatitude, pickuplongitude, deliverylabel, deliveryname, deliveryphone, deliveryaddressdetail, deliverydescription, deliverylatitude, deliverylongitude, pickuptime, deliverytime, shippingfee, shippingdiscount, applicablefee, totalprice, discount, currentstatus, createdat, otherprice, noteforotherprice) VALUES ('250403M6P1N9', 'db1b8554-4614-4867-bf67-0fc1a51365b7', 'Nhà', 'Bui tan thanh', '0942557312', 'Mạc Đĩnh Chi, Dĩ An, Bình Dương, Vietnam', '', 10.883000, 106.782997, 'Nhà', 'Bui tan thanh', '0942557312', 'Mạc Đĩnh Chi, Dĩ An, Bình Dương, Vietnam', '', 10.883000, 106.782997, '2025-04-03 14:10:00+00', '2025-04-18 14:10:00+00', 60000, 0, 0, 100000, 0, 'CONFIRMED', '2025-04-03 14:10:55.640858+00', NULL, NULL);
INSERT INTO public.orders (orderid, userid, pickuplabel, pickupname, pickupphone, pickupaddressdetail, pickupdescription, pickuplatitude, pickuplongitude, deliverylabel, deliveryname, deliveryphone, deliveryaddressdetail, deliverydescription, deliverylatitude, deliverylongitude, pickuptime, deliverytime, shippingfee, shippingdiscount, applicablefee, totalprice, discount, currentstatus, createdat, otherprice, noteforotherprice) VALUES ('250404T4K8W2', '99505d8a-2682-4ed1-9b5f-962580ba72cb', 'Nhà riêng', 'Phạm Nhật Huy', '0388645905', '123 Võ Văn Tần, Phường 6, Quận 3, TP.HCM', 'Căn hộ tầng 2, gần ngã tư với Cách Mạng Tháng 8', 10.775658, 106.689460, 'Nhà riêng', 'Phạm Nhật Huy', '0388645905', '123 Võ Văn Tần, Phường 6, Quận 3, TP.HCM', 'Căn hộ tầng 2, gần ngã tư với Cách Mạng Tháng 8', 10.775658, 106.689460, '2025-04-04 08:28:00+00', '2025-04-05 08:28:00+00', 60000, -30000, 0, 580000, 0, 'CANCELLED', '2025-04-04 08:28:52.922601+00', NULL, NULL);
INSERT INTO public.orders (orderid, userid, pickuplabel, pickupname, pickupphone, pickupaddressdetail, pickupdescription, pickuplatitude, pickuplongitude, deliverylabel, deliveryname, deliveryphone, deliveryaddressdetail, deliverydescription, deliverylatitude, deliverylongitude, pickuptime, deliverytime, shippingfee, shippingdiscount, applicablefee, totalprice, discount, currentstatus, createdat, otherprice, noteforotherprice) VALUES ('250404N7Y3Q5', 'db1b8554-4614-4867-bf67-0fc1a51365b7', 'Nhà', 'Bui tan thanh', '0942557312', 'Mạc Đĩnh Chi, Dĩ An, Bình Dương, Vietnam', '', 10.883000, 106.782997, 'Nhà', 'Bui tan thanh', '0942557312', 'Mạc Đĩnh Chi, Dĩ An, Bình Dương, Vietnam', '', 10.883000, 106.782997, '2025-04-04 09:51:00+00', '2025-04-30 09:51:00+00', 60000, 0, 0, 199000, 0, 'CANCELLED', '2025-04-04 09:52:09.021576+00', NULL, NULL);
INSERT INTO public.orders (orderid, userid, pickuplabel, pickupname, pickupphone, pickupaddressdetail, pickupdescription, pickuplatitude, pickuplongitude, deliverylabel, deliveryname, deliveryphone, deliveryaddressdetail, deliverydescription, deliverylatitude, deliverylongitude, pickuptime, deliverytime, shippingfee, shippingdiscount, applicablefee, totalprice, discount, currentstatus, createdat, otherprice, noteforotherprice) VALUES ('250405H1P9M6', '99505d8a-2682-4ed1-9b5f-962580ba72cb', 'Nhà riêng', 'Phạm Nhật Huy', '0388645905', '123 Võ Văn Tần, Phường 6, Quận 3, TP.HCM', 'Căn hộ tầng 2, gần ngã tư với Cách Mạng Tháng 8', 10.775658, 106.689460, 'Nhà riêng', 'Phạm Nhật Huy', '0388645905', '123 Võ Văn Tần, Phường 6, Quận 3, TP.HCM', 'Căn hộ tầng 2, gần ngã tư với Cách Mạng Tháng 8', 10.775658, 106.689460, '2025-04-05 09:07:00+00', '2025-04-06 09:07:00+00', 60000, 0, 0, 140000, 0, 'CONFIRMED', '2025-04-05 09:07:44.749539+00', NULL, NULL);
INSERT INTO public.orders (orderid, userid, pickuplabel, pickupname, pickupphone, pickupaddressdetail, pickupdescription, pickuplatitude, pickuplongitude, deliverylabel, deliveryname, deliveryphone, deliveryaddressdetail, deliverydescription, deliverylatitude, deliverylongitude, pickuptime, deliverytime, shippingfee, shippingdiscount, applicablefee, totalprice, discount, currentstatus, createdat, otherprice, noteforotherprice) VALUES ('250404W5T2K3', 'db1b8554-4614-4867-bf67-0fc1a51365b7', 'Nhà', 'Bui tan thanh', '0942557312', 'Mạc Đĩnh Chi, Dĩ An, Bình Dương, Vietnam', '', 10.883000, 106.782997, 'Nhà', 'Bui tan thanh', '0942557312', 'Mạc Đĩnh Chi, Dĩ An, Bình Dương, Vietnam', '', 10.883000, 106.782997, '2025-04-04 03:00:00+00', '2025-04-07 03:00:00+00', 60000, 0, 0, 199000, 0, 'CONFIRMED', '2025-04-04 12:03:12.358506+00', NULL, NULL);
INSERT INTO public.orders (orderid, userid, pickuplabel, pickupname, pickupphone, pickupaddressdetail, pickupdescription, pickuplatitude, pickuplongitude, deliverylabel, deliveryname, deliveryphone, deliveryaddressdetail, deliverydescription, deliverylatitude, deliverylongitude, pickuptime, deliverytime, shippingfee, shippingdiscount, applicablefee, totalprice, discount, currentstatus, createdat, otherprice, noteforotherprice) VALUES ('250404Q8N6H7', 'db1b8554-4614-4867-bf67-0fc1a51365b7', 'Nhà', 'Bui tan thanh', '0942557312', 'Mạc Đĩnh Chi, Dĩ An, Bình Dương, Vietnam', '', 10.883000, 106.782997, 'Nhà', 'Bui tan thanh', '0942557312', 'Mạc Đĩnh Chi, Dĩ An, Bình Dương, Vietnam', '', 10.883000, 106.782997, '2025-04-05 03:00:00+00', '2025-04-08 03:00:00+00', 60000, -30000, 0, 657000, 0, 'CONFIRMED', '2025-04-04 17:53:22.49099+00', NULL, NULL);
INSERT INTO public.orders (orderid, userid, pickuplabel, pickupname, pickupphone, pickupaddressdetail, pickupdescription, pickuplatitude, pickuplongitude, deliverylabel, deliveryname, deliveryphone, deliveryaddressdetail, deliverydescription, deliverylatitude, deliverylongitude, pickuptime, deliverytime, shippingfee, shippingdiscount, applicablefee, totalprice, discount, currentstatus, createdat, otherprice, noteforotherprice) VALUES ('250405K3Y7T1', 'db1b8554-4614-4867-bf67-0fc1a51365b7', 'Nhà', 'Bui tan thanh', '0942557312', 'Mạc Đĩnh Chi, Dĩ An, Bình Dương, Vietnam', '', 10.883000, 106.782997, 'Nhà', 'Bui tan thanh', '0942557312', 'Mạc Đĩnh Chi, Dĩ An, Bình Dương, Vietnam', '', 10.883000, 106.782997, '2025-04-05 03:00:00+00', '2025-04-08 03:00:00+00', 60000, 0, 0, 100000, 0, 'PENDING', '2025-04-05 09:13:02.027751+00', NULL, NULL);
INSERT INTO public.orders (orderid, userid, pickuplabel, pickupname, pickupphone, pickupaddressdetail, pickupdescription, pickuplatitude, pickuplongitude, deliverylabel, deliveryname, deliveryphone, deliveryaddressdetail, deliverydescription, deliverylatitude, deliverylongitude, pickuptime, deliverytime, shippingfee, shippingdiscount, applicablefee, totalprice, discount, currentstatus, createdat, otherprice, noteforotherprice) VALUES ('250405P9M2W4', '99505d8a-2682-4ed1-9b5f-962580ba72cb', 'Nhà riêng', 'Phạm Nhật Huy', '0388645905', '123 Võ Văn Tần, Phường 6, Quận 3, TP.HCM', 'Căn hộ tầng 2, gần ngã tư với Cách Mạng Tháng 8', 10.775658, 106.689460, 'Nhà riêng', 'Phạm Nhật Huy', '0388645905', '123 Võ Văn Tần, Phường 6, Quận 3, TP.HCM', 'Căn hộ tầng 2, gần ngã tư với Cách Mạng Tháng 8', 10.775658, 106.689460, '2025-04-05 08:00:00+00', '2025-04-06 08:00:00+00', 60000, 0, 0, 199000, 0, 'CONFIRMED', '2025-04-05 08:00:45.791998+00', NULL, NULL);
INSERT INTO public.orders (orderid, userid, pickuplabel, pickupname, pickupphone, pickupaddressdetail, pickupdescription, pickuplatitude, pickuplongitude, deliverylabel, deliveryname, deliveryphone, deliveryaddressdetail, deliverydescription, deliverylatitude, deliverylongitude, pickuptime, deliverytime, shippingfee, shippingdiscount, applicablefee, totalprice, discount, currentstatus, createdat, otherprice, noteforotherprice) VALUES ('250405T6H8Q3', '99505d8a-2682-4ed1-9b5f-962580ba72cb', 'Nhà riêng', 'Phạm Nhật Huy', '0388645905', '123 Võ Văn Tần, Phường 6, Quận 3, TP.HCM', 'Căn hộ tầng 2, gần ngã tư với Cách Mạng Tháng 8', 10.775658, 106.689460, 'Nhà riêng', 'Phạm Nhật Huy', '0388645905', '123 Võ Văn Tần, Phường 6, Quận 3, TP.HCM', 'Căn hộ tầng 2, gần ngã tư với Cách Mạng Tháng 8', 10.775658, 106.689460, '2025-04-05 08:24:00+00', '2025-04-06 08:24:00+00', 60000, 0, 0, 199000, 0, 'CONFIRMED', '2025-04-05 08:24:26.559685+00', NULL, NULL);
INSERT INTO public.orders (orderid, userid, pickuplabel, pickupname, pickupphone, pickupaddressdetail, pickupdescription, pickuplatitude, pickuplongitude, deliverylabel, deliveryname, deliveryphone, deliveryaddressdetail, deliverydescription, deliverylatitude, deliverylongitude, pickuptime, deliverytime, shippingfee, shippingdiscount, applicablefee, totalprice, discount, currentstatus, createdat, otherprice, noteforotherprice) VALUES ('250405N2K5Y9', 'db1b8554-4614-4867-bf67-0fc1a51365b7', 'Nhà', 'Bui tan thanh', '0942557312', 'Mạc Đĩnh Chi, Dĩ An, Bình Dương, Vietnam', '', 10.883000, 106.782997, 'Nhà', 'Bui tan thanh', '0942557312', 'Mạc Đĩnh Chi, Dĩ An, Bình Dương, Vietnam', '', 10.883000, 106.782997, '2025-04-05 09:15:52.399+00', '2025-04-05 09:15:52.399+00', 6000, 0, 0, 145000, 0, 'PENDING', '2025-04-05 09:17:02.383958+00', NULL, NULL);
INSERT INTO public.orders (orderid, userid, pickuplabel, pickupname, pickupphone, pickupaddressdetail, pickupdescription, pickuplatitude, pickuplongitude, deliverylabel, deliveryname, deliveryphone, deliveryaddressdetail, deliverydescription, deliverylatitude, deliverylongitude, pickuptime, deliverytime, shippingfee, shippingdiscount, applicablefee, totalprice, discount, currentstatus, createdat, otherprice, noteforotherprice) VALUES ('250405W7P1T6', '99505d8a-2682-4ed1-9b5f-962580ba72cb', 'Nhà riêng', 'Phạm Nhật Huy', '0388645905', '123 Võ Văn Tần, Phường 6, Quận 3, TP.HCM', 'Căn hộ tầng 2, gần ngã tư với Cách Mạng Tháng 8', 10.775658, 106.689460, 'Nhà riêng', 'Phạm Nhật Huy', '0388645905', '123 Võ Văn Tần, Phường 6, Quận 3, TP.HCM', 'Căn hộ tầng 2, gần ngã tư với Cách Mạng Tháng 8', 10.775658, 106.689460, '2025-04-05 09:18:22.493+00', '2025-04-05 09:18:22.493+00', 0, 0, 0, 340000, 0, 'PENDING', '2025-04-05 09:19:29.079399+00', NULL, NULL);
INSERT INTO public.orders (orderid, userid, pickuplabel, pickupname, pickupphone, pickupaddressdetail, pickupdescription, pickuplatitude, pickuplongitude, deliverylabel, deliveryname, deliveryphone, deliveryaddressdetail, deliverydescription, deliverylatitude, deliverylongitude, pickuptime, deliverytime, shippingfee, shippingdiscount, applicablefee, totalprice, discount, currentstatus, createdat, otherprice, noteforotherprice) VALUES ('250405Y3M8H2', '99505d8a-2682-4ed1-9b5f-962580ba72cb', 'Nhà riêng', 'Phạm Nhật Huy', '0388645905', '123 Võ Văn Tần, Phường 6, Quận 3, TP.HCM', 'Căn hộ tầng 2, gần ngã tư với Cách Mạng Tháng 8', 10.775658, 106.689460, 'Nhà riêng', 'Phạm Nhật Huy', '0388645905', '123 Võ Văn Tần, Phường 6, Quận 3, TP.HCM', 'Căn hộ tầng 2, gần ngã tư với Cách Mạng Tháng 8', 10.775658, 106.689460, '2025-04-05 09:20:00+00', '2025-04-06 09:20:00+00', 60000, 0, 0, 199000, 0, 'PENDING', '2025-04-05 09:20:40.822635+00', NULL, NULL);
INSERT INTO public.orders (orderid, userid, pickuplabel, pickupname, pickupphone, pickupaddressdetail, pickupdescription, pickuplatitude, pickuplongitude, deliverylabel, deliveryname, deliveryphone, deliveryaddressdetail, deliverydescription, deliverylatitude, deliverylongitude, pickuptime, deliverytime, shippingfee, shippingdiscount, applicablefee, totalprice, discount, currentstatus, createdat, otherprice, noteforotherprice) VALUES ('250405H6T9Q4', 'db1b8554-4614-4867-bf67-0fc1a51365b7', 'Nhà', 'Bui tan thanh', '0942557312', 'Mạc Đĩnh Chi, Dĩ An, Bình Dương, Vietnam', '', 10.883000, 106.782997, 'Nhà', 'Bui tan thanh', '0942557312', 'Mạc Đĩnh Chi, Dĩ An, Bình Dương, Vietnam', '', 10.883000, 106.782997, '2025-04-05 09:15:52.399+00', '2025-04-05 09:15:52.399+00', 6000, 0, 0, 145000, 0, 'PENDING', '2025-04-05 09:20:45.385087+00', NULL, NULL);
INSERT INTO public.orders (orderid, userid, pickuplabel, pickupname, pickupphone, pickupaddressdetail, pickupdescription, pickuplatitude, pickuplongitude, deliverylabel, deliveryname, deliveryphone, deliveryaddressdetail, deliverydescription, deliverylatitude, deliverylongitude, pickuptime, deliverytime, shippingfee, shippingdiscount, applicablefee, totalprice, discount, currentstatus, createdat, otherprice, noteforotherprice) VALUES ('250405K1W3N7', 'db1b8554-4614-4867-bf67-0fc1a51365b7', 'Nhà', 'Bui tan thanh', '0942557312', 'Mạc Đĩnh Chi, Dĩ An, Bình Dương, Vietnam', '', 10.883000, 106.782997, 'Nhà', 'Bui tan thanh', '0942557312', 'Mạc Đĩnh Chi, Dĩ An, Bình Dương, Vietnam', '', 10.883000, 106.782997, '2025-04-05 09:15:52.399+00', '2025-04-05 09:15:52.399+00', 6000, 0, 0, 145000, 0, 'PENDING', '2025-04-05 09:24:22.029096+00', NULL, NULL);
INSERT INTO public.orders (orderid, userid, pickuplabel, pickupname, pickupphone, pickupaddressdetail, pickupdescription, pickuplatitude, pickuplongitude, deliverylabel, deliveryname, deliveryphone, deliveryaddressdetail, deliverydescription, deliverylatitude, deliverylongitude, pickuptime, deliverytime, shippingfee, shippingdiscount, applicablefee, totalprice, discount, currentstatus, createdat, otherprice, noteforotherprice) VALUES ('250405P8Y6M2', '99505d8a-2682-4ed1-9b5f-962580ba72cb', 'Nhà riêng', 'Phạm Nhật Huy', '0388645905', '123 Võ Văn Tần, Phường 6, Quận 3, TP.HCM', 'Căn hộ tầng 2, gần ngã tư với Cách Mạng Tháng 8', 10.775658, 106.689460, 'Nhà riêng', 'Phạm Nhật Huy', '0388645905', '123 Võ Văn Tần, Phường 6, Quận 3, TP.HCM', 'Căn hộ tầng 2, gần ngã tư với Cách Mạng Tháng 8', 10.775658, 106.689460, '2025-04-05 09:18:22.493+00', '2025-04-05 09:18:22.493+00', 0, 0, 0, 340000, 0, 'CONFIRMED', '2025-04-05 09:27:03.432545+00', NULL, NULL);
INSERT INTO public.orders (orderid, userid, pickuplabel, pickupname, pickupphone, pickupaddressdetail, pickupdescription, pickuplatitude, pickuplongitude, deliverylabel, deliveryname, deliveryphone, deliveryaddressdetail, deliverydescription, deliverylatitude, deliverylongitude, pickuptime, deliverytime, shippingfee, shippingdiscount, applicablefee, totalprice, discount, currentstatus, createdat, otherprice, noteforotherprice) VALUES ('250405T4H9Q7', '99505d8a-2682-4ed1-9b5f-962580ba72cb', 'Nhà riêng', 'Phạm Nhật Huy', '0388645905', '123 Võ Văn Tần, Phường 6, Quận 3, TP.HCM', 'Căn hộ tầng 2, gần ngã tư với Cách Mạng Tháng 8', 10.775658, 106.689460, 'Nhà riêng', 'Phạm Nhật Huy', '0388645905', '123 Võ Văn Tần, Phường 6, Quận 3, TP.HCM', 'Căn hộ tầng 2, gần ngã tư với Cách Mạng Tháng 8', 10.775658, 106.689460, '2025-04-06 03:00:00+00', '2025-04-09 03:00:00+00', 60000, -30000, 0, 2586000, 0, 'PENDING', '2025-04-05 17:39:25.314654+00', NULL, NULL);
INSERT INTO public.orders (orderid, userid, pickuplabel, pickupname, pickupphone, pickupaddressdetail, pickupdescription, pickuplatitude, pickuplongitude, deliverylabel, deliveryname, deliveryphone, deliveryaddressdetail, deliverydescription, deliverylatitude, deliverylongitude, pickuptime, deliverytime, shippingfee, shippingdiscount, applicablefee, totalprice, discount, currentstatus, createdat, otherprice, noteforotherprice) VALUES ('250405N2K5W1', '99505d8a-2682-4ed1-9b5f-962580ba72cb', 'Nhà riêng', 'Phạm Nhật Huy', '0388645905', '123 Võ Văn Tần, Phường 6, Quận 3, TP.HCM', 'Căn hộ tầng 2, gần ngã tư với Cách Mạng Tháng 8', 10.775658, 106.689460, 'Nhà riêng', 'Phạm Nhật Huy', '0388645905', '123 Võ Văn Tần, Phường 6, Quận 3, TP.HCM', 'Căn hộ tầng 2, gần ngã tư với Cách Mạng Tháng 8', 10.775658, 106.689460, '2025-04-06 03:00:00+00', '2025-04-09 03:00:00+00', 60000, 0, 0, 100000, 0, 'PENDING', '2025-04-05 17:40:51.21932+00', NULL, NULL);
INSERT INTO public.orders (orderid, userid, pickuplabel, pickupname, pickupphone, pickupaddressdetail, pickupdescription, pickuplatitude, pickuplongitude, deliverylabel, deliveryname, deliveryphone, deliveryaddressdetail, deliverydescription, deliverylatitude, deliverylongitude, pickuptime, deliverytime, shippingfee, shippingdiscount, applicablefee, totalprice, discount, currentstatus, createdat, otherprice, noteforotherprice) VALUES ('250405W6P8T3', '99505d8a-2682-4ed1-9b5f-962580ba72cb', 'Nhà riêng', 'Phạm Nhật Huy', '0388645905', '123 Võ Văn Tần, Phường 6, Quận 3, TP.HCM', 'Căn hộ tầng 2, gần ngã tư với Cách Mạng Tháng 8', 10.775658, 106.689460, 'Nhà riêng', 'Phạm Nhật Huy', '0388645905', '123 Võ Văn Tần, Phường 6, Quận 3, TP.HCM', 'Căn hộ tầng 2, gần ngã tư với Cách Mạng Tháng 8', 10.775658, 106.689460, '2025-04-06 03:00:00+00', '2025-04-09 03:00:00+00', 60000, 0, 0, 100000, 0, 'PENDING', '2025-04-05 17:45:47.853027+00', NULL, NULL);
INSERT INTO public.orders (orderid, userid, pickuplabel, pickupname, pickupphone, pickupaddressdetail, pickupdescription, pickuplatitude, pickuplongitude, deliverylabel, deliveryname, deliveryphone, deliveryaddressdetail, deliverydescription, deliverylatitude, deliverylongitude, pickuptime, deliverytime, shippingfee, shippingdiscount, applicablefee, totalprice, discount, currentstatus, createdat, otherprice, noteforotherprice) VALUES ('250405Q9M3Y6', 'db1b8554-4614-4867-bf67-0fc1a51365b7', 'Nhà', 'Bui tan thanh', '0942557312', 'Mạc Đĩnh Chi, Dĩ An, Bình Dương, Vietnam', '', 10.883000, 106.782997, 'Nhà', 'Bui tan thanh', '0942557312', 'Mạc Đĩnh Chi, Dĩ An, Bình Dương, Vietnam', '', 10.883000, 106.782997, '2025-04-05 11:00:00+00', '2025-04-06 03:00:00+00', 60000, 0, 69500, 268500, 0, 'CONFIRMED', '2025-04-05 15:59:45.400673+00', NULL, NULL);
INSERT INTO public.orders (orderid, userid, pickuplabel, pickupname, pickupphone, pickupaddressdetail, pickupdescription, pickuplatitude, pickuplongitude, deliverylabel, deliveryname, deliveryphone, deliveryaddressdetail, deliverydescription, deliverylatitude, deliverylongitude, pickuptime, deliverytime, shippingfee, shippingdiscount, applicablefee, totalprice, discount, currentstatus, createdat, otherprice, noteforotherprice) VALUES ('250403H7T1N4', 'db1b8554-4614-4867-bf67-0fc1a51365b7', 'Nhà', 'Bui tan thanh', '0942557312', 'Mạc Đĩnh Chi, Dĩ An, Bình Dương, Vietnam', '', 10.883000, 106.782997, 'Nhà', 'Bui tan thanh', '0942557312', 'Mạc Đĩnh Chi, Dĩ An, Bình Dương, Vietnam', '', 10.883000, 106.782997, '2025-04-03 14:17:00+00', '2025-04-04 14:17:00+00', 60000, 0, 0, 140000, 0, 'CHECKING', '2025-04-03 14:17:54.224819+00', NULL, NULL);
INSERT INTO public.orders (orderid, userid, pickuplabel, pickupname, pickupphone, pickupaddressdetail, pickupdescription, pickuplatitude, pickuplongitude, deliverylabel, deliveryname, deliveryphone, deliveryaddressdetail, deliverydescription, deliverylatitude, deliverylongitude, pickuptime, deliverytime, shippingfee, shippingdiscount, applicablefee, totalprice, discount, currentstatus, createdat, otherprice, noteforotherprice) VALUES ('250405Y3K8P2', '99505d8a-2682-4ed1-9b5f-962580ba72cb', 'Nhà riêng', 'Phạm Nhật Huy', '0388645905', '123 Võ Văn Tần, Phường 6, Quận 3, TP.HCM', 'Căn hộ tầng 2, gần ngã tư với Cách Mạng Tháng 8', 10.775658, 106.689460, 'Nhà riêng', 'Phạm Nhật Huy', '0388645905', '123 Võ Văn Tần, Phường 6, Quận 3, TP.HCM', 'Căn hộ tầng 2, gần ngã tư với Cách Mạng Tháng 8', 10.775658, 106.689460, '2025-04-06 03:00:00+00', '2025-04-09 03:00:00+00', 60000, 0, 0, 130000, 0, 'PENDING', '2025-04-05 17:46:33.506717+00', NULL, NULL);
INSERT INTO public.orders (orderid, userid, pickuplabel, pickupname, pickupphone, pickupaddressdetail, pickupdescription, pickuplatitude, pickuplongitude, deliverylabel, deliveryname, deliveryphone, deliveryaddressdetail, deliverydescription, deliverylatitude, deliverylongitude, pickuptime, deliverytime, shippingfee, shippingdiscount, applicablefee, totalprice, discount, currentstatus, createdat, otherprice, noteforotherprice) VALUES ('250405T6W2M9', '99505d8a-2682-4ed1-9b5f-962580ba72cb', 'Nhà riêng', 'Phạm Nhật Huy', '0388645905', '123 Võ Văn Tần, Phường 6, Quận 3, TP.HCM', 'Căn hộ tầng 2, gần ngã tư với Cách Mạng Tháng 8', 10.775658, 106.689460, 'Nhà riêng', 'Phạm Nhật Huy', '0388645905', '123 Võ Văn Tần, Phường 6, Quận 3, TP.HCM', 'Căn hộ tầng 2, gần ngã tư với Cách Mạng Tháng 8', 10.775658, 106.689460, '2025-04-06 03:00:00+00', '2025-04-09 03:00:00+00', 60000, 0, 0, 140000, 0, 'PENDING', '2025-04-05 17:49:19.217151+00', NULL, NULL);
INSERT INTO public.orders (orderid, userid, pickuplabel, pickupname, pickupphone, pickupaddressdetail, pickupdescription, pickuplatitude, pickuplongitude, deliverylabel, deliveryname, deliveryphone, deliveryaddressdetail, deliverydescription, deliverylatitude, deliverylongitude, pickuptime, deliverytime, shippingfee, shippingdiscount, applicablefee, totalprice, discount, currentstatus, createdat, otherprice, noteforotherprice) VALUES ('250405P1N7H5', '99505d8a-2682-4ed1-9b5f-962580ba72cb', 'Nhà riêng', 'Phạm Nhật Huy', '0388645905', '123 Võ Văn Tần, Phường 6, Quận 3, TP.HCM', 'Căn hộ tầng 2, gần ngã tư với Cách Mạng Tháng 8', 10.775658, 106.689460, 'Nhà riêng', 'Phạm Nhật Huy', '0388645905', '123 Võ Văn Tần, Phường 6, Quận 3, TP.HCM', 'Căn hộ tầng 2, gần ngã tư với Cách Mạng Tháng 8', 10.775658, 106.689460, '2025-04-06 03:00:00+00', '2025-04-09 03:00:00+00', 60000, 0, 0, 140000, 0, 'PENDING', '2025-04-05 18:08:32.858227+00', NULL, NULL);
INSERT INTO public.orders (orderid, userid, pickuplabel, pickupname, pickupphone, pickupaddressdetail, pickupdescription, pickuplatitude, pickuplongitude, deliverylabel, deliveryname, deliveryphone, deliveryaddressdetail, deliverydescription, deliverylatitude, deliverylongitude, pickuptime, deliverytime, shippingfee, shippingdiscount, applicablefee, totalprice, discount, currentstatus, createdat, otherprice, noteforotherprice) VALUES ('250405K8Q3T9', '99505d8a-2682-4ed1-9b5f-962580ba72cb', 'Nhà riêng', 'Phạm Nhật Huy', '0388645905', '123 Võ Văn Tần, Phường 6, Quận 3, TP.HCM', 'Căn hộ tầng 2, gần ngã tư với Cách Mạng Tháng 8', 10.775658, 106.689460, 'Nhà riêng', 'Phạm Nhật Huy', '0388645905', '123 Võ Văn Tần, Phường 6, Quận 3, TP.HCM', 'Căn hộ tầng 2, gần ngã tư với Cách Mạng Tháng 8', 10.775658, 106.689460, '2025-04-06 03:00:00+00', '2025-04-09 03:00:00+00', 60000, 0, 0, 140000, 0, 'PENDING', '2025-04-05 18:09:20.218548+00', NULL, NULL);
INSERT INTO public.orders (orderid, userid, pickuplabel, pickupname, pickupphone, pickupaddressdetail, pickupdescription, pickuplatitude, pickuplongitude, deliverylabel, deliveryname, deliveryphone, deliveryaddressdetail, deliverydescription, deliverylatitude, deliverylongitude, pickuptime, deliverytime, shippingfee, shippingdiscount, applicablefee, totalprice, discount, currentstatus, createdat, otherprice, noteforotherprice) VALUES ('250405M4Y6W2', '99505d8a-2682-4ed1-9b5f-962580ba72cb', 'Nhà riêng', 'Phạm Nhật Huy', '0388645905', '123 Võ Văn Tần, Phường 6, Quận 3, TP.HCM', 'Căn hộ tầng 2, gần ngã tư với Cách Mạng Tháng 8', 10.775658, 106.689460, 'Nhà riêng', 'Phạm Nhật Huy', '0388645905', '123 Võ Văn Tần, Phường 6, Quận 3, TP.HCM', 'Căn hộ tầng 2, gần ngã tư với Cách Mạng Tháng 8', 10.775658, 106.689460, '2025-04-05 18:15:07.479+00', '2025-04-05 18:15:07.479+00', 0, 0, 0, 340000, 0, 'PENDING', '2025-04-05 18:15:47.673085+00', NULL, NULL);
INSERT INTO public.orders (orderid, userid, pickuplabel, pickupname, pickupphone, pickupaddressdetail, pickupdescription, pickuplatitude, pickuplongitude, deliverylabel, deliveryname, deliveryphone, deliveryaddressdetail, deliverydescription, deliverylatitude, deliverylongitude, pickuptime, deliverytime, shippingfee, shippingdiscount, applicablefee, totalprice, discount, currentstatus, createdat, otherprice, noteforotherprice) VALUES ('250405H9T2P7', '99505d8a-2682-4ed1-9b5f-962580ba72cb', 'Nhà riêng', 'Phạm Nhật Huy', '0388645905', '123 Võ Văn Tần, Phường 6, Quận 3, TP.HCM', 'Căn hộ tầng 2, gần ngã tư với Cách Mạng Tháng 8', 10.775658, 106.689460, 'Nhà riêng', 'Phạm Nhật Huy', '0388645905', '123 Võ Văn Tần, Phường 6, Quận 3, TP.HCM', 'Căn hộ tầng 2, gần ngã tư với Cách Mạng Tháng 8', 10.775658, 106.689460, '2025-04-05 18:15:07.479+00', '2025-04-05 18:15:07.479+00', 0, 0, 0, 340000, 0, 'PENDING', '2025-04-05 18:17:08.615063+00', NULL, NULL);
INSERT INTO public.orders (orderid, userid, pickuplabel, pickupname, pickupphone, pickupaddressdetail, pickupdescription, pickuplatitude, pickuplongitude, deliverylabel, deliveryname, deliveryphone, deliveryaddressdetail, deliverydescription, deliverylatitude, deliverylongitude, pickuptime, deliverytime, shippingfee, shippingdiscount, applicablefee, totalprice, discount, currentstatus, createdat, otherprice, noteforotherprice) VALUES ('250406N5K8Q3', 'db1b8554-4614-4867-bf67-0fc1a51365b7', 'Nhà', 'Bui tan thanh', '0942557312', 'Mạc Đĩnh Chi, Dĩ An, Bình Dương, Vietnam', '', 10.883000, 106.782997, 'Nhà', 'Bui tan thanh', '0942557312', 'Mạc Đĩnh Chi, Dĩ An, Bình Dương, Vietnam', '', 10.883000, 106.782997, '2025-04-06 06:00:00+00', '2025-04-07 03:00:00+00', 60000, 0, 50000, 210000, 0, 'CONFIRMED', '2025-04-06 07:01:48.406836+00', NULL, NULL);
INSERT INTO public.orders (orderid, userid, pickuplabel, pickupname, pickupphone, pickupaddressdetail, pickupdescription, pickuplatitude, pickuplongitude, deliverylabel, deliveryname, deliveryphone, deliveryaddressdetail, deliverydescription, deliverylatitude, deliverylongitude, pickuptime, deliverytime, shippingfee, shippingdiscount, applicablefee, totalprice, discount, currentstatus, createdat, otherprice, noteforotherprice) VALUES ('250406W2P9T6', 'db1b8554-4614-4867-bf67-0fc1a51365b7', 'Nhà', 'Bui tan thanh', '0942557312', 'Mạc Đĩnh Chi, Dĩ An, Bình Dương, Vietnam', '', 10.883000, 106.782997, 'Nhà', 'Bui tan thanh', '0942557312', 'Mạc Đĩnh Chi, Dĩ An, Bình Dương, Vietnam', '', 10.883000, 106.782997, '2025-04-06 03:00:00+00', '2025-04-09 03:00:00+00', 60000, 0, 0, 199000, 0, 'CANCELLED', '2025-04-06 06:44:36.834292+00', NULL, NULL);
INSERT INTO public.orders (orderid, userid, pickuplabel, pickupname, pickupphone, pickupaddressdetail, pickupdescription, pickuplatitude, pickuplongitude, deliverylabel, deliveryname, deliveryphone, deliveryaddressdetail, deliverydescription, deliverylatitude, deliverylongitude, pickuptime, deliverytime, shippingfee, shippingdiscount, applicablefee, totalprice, discount, currentstatus, createdat, otherprice, noteforotherprice) VALUES ('250406Y7M3H1', '99505d8a-2682-4ed1-9b5f-962580ba72cb', 'Nhà riêng', 'Phạm Nhật Huy', '0388645905', '123 Võ Văn Tần, Phường 6, Quận 3, TP.HCM', 'Căn hộ tầng 2, gần ngã tư với Cách Mạng Tháng 8', 10.775658, 106.689460, 'Nhà riêng', 'Phạm Nhật Huy', '0388645905', '123 Võ Văn Tần, Phường 6, Quận 3, TP.HCM', 'Căn hộ tầng 2, gần ngã tư với Cách Mạng Tháng 8', 10.775658, 106.689460, '2025-04-06 03:00:00+00', '2025-04-09 03:00:00+00', 60000, 0, 0, 105000, 0, 'CANCELLED', '2025-04-06 12:24:30.394485+00', NULL, NULL);

----------------------
INSERT INTO public.orderstatushistory (statushistoryid, orderid, status, statusdescription, notes, updatedby, createdat) VALUES ('d15b444d-23b3-43c0-b573-2d262d24af6a', '250322X7K9P2', 'PENDING', 'Đặt hàng thành công, chờ xác nhận', '', 'f47ac10b-58cc-4372-a567-0e02b2c3d479', '2025-03-23 14:23:56.131+00');
INSERT INTO public.orderstatushistory (statushistoryid, orderid, status, statusdescription, notes, updatedby, createdat) VALUES ('ba617816-a98a-4a72-804f-13947f8f7dec', '250320Q9R3T6', 'PENDING', 'Đặt hàng thành công, chờ xác nhận', 'note đúng', 'f47ac10b-58cc-4372-a567-0e02b2c3d479', '2025-03-20 17:07:24.151865+00');
INSERT INTO public.orderstatushistory (statushistoryid, orderid, status, statusdescription, notes, updatedby, createdat) VALUES ('c038d45e-efaa-41f0-a727-b654d533a667', '250320Q9R3T6', 'CONFIRMED', 'Đơn hàng đã được xác nhận', 'note sai', 'f47ac10b-58cc-4372-a567-0e02b2c3d479', '2025-03-24 09:17:24.151865+00');
INSERT INTO public.orderstatushistory (statushistoryid, orderid, status, statusdescription, notes, updatedby, createdat) VALUES ('248937c3-b2eb-481d-ae0f-129b7f2779cd', '250324B2V5Y8', 'PENDING', 'Đặt hàng thành công, chờ xác nhận', 'huy123', '99505d8a-2682-4ed1-9b5f-962580ba72cb', '2025-03-24 12:43:19.344+00');
INSERT INTO public.orderstatushistory (statushistoryid, orderid, status, statusdescription, notes, updatedby, createdat) VALUES ('3983beea-ebb5-452d-a2d6-c09b828daba5', '250324P7T9W2', 'PENDING', 'Đặt hàng thành công, chờ xác nhận', 'string', '99505d8a-2682-4ed1-9b5f-962580ba72cb', '2025-03-24 13:02:02.985+00');
INSERT INTO public.orderstatushistory (statushistoryid, orderid, status, statusdescription, notes, updatedby, createdat) VALUES ('946c481b-54ab-4396-951f-14ea1174b042', '250324J3M8R5', 'PENDING', 'Đặt hàng thành công, chờ xác nhận', 'testing', '0d3e0249-dc2b-461f-994d-2636de840097', '2025-03-24 15:04:12.692773+00');
INSERT INTO public.orderstatushistory (statushistoryid, orderid, status, statusdescription, notes, updatedby, createdat) VALUES ('8168d201-bc4e-4629-83e1-b8de3d22fd23', '250325C4N6X1', 'PENDING', 'Đặt hàng thành công, chờ xác nhận', 'Huy123', '99505d8a-2682-4ed1-9b5f-962580ba72cb', '2025-03-25 08:50:47.179958+00');
INSERT INTO public.orderstatushistory (statushistoryid, orderid, status, statusdescription, notes, updatedby, createdat) VALUES ('6963fdc4-846d-4038-bee2-db8c4b06b41e', '250325K8P2V7', 'PENDING', 'Đặt hàng thành công, chờ xác nhận', 'huy122121212121212', '99505d8a-2682-4ed1-9b5f-962580ba72cb', '2025-03-25 08:59:28.358351+00');
INSERT INTO public.orderstatushistory (statushistoryid, orderid, status, statusdescription, notes, updatedby, createdat) VALUES ('6b9e4d1b-e973-4d3e-9fa2-a45988eaeaec', '250325H5T9Q3', 'PENDING', 'Đặt hàng thành công, chờ xác nhận', 'hehehee', '99505d8a-2682-4ed1-9b5f-962580ba72cb', '2025-03-25 09:16:11.93009+00');
INSERT INTO public.orderstatushistory (statushistoryid, orderid, status, statusdescription, notes, updatedby, createdat) VALUES ('1ab4c703-e47f-400c-aa17-b484a1794e66', '250325R2W6Y4', 'PENDING', 'Đặt hàng thành công, chờ xác nhận', 'hehehee', '99505d8a-2682-4ed1-9b5f-962580ba72cb', '2025-03-25 09:27:54.539517+00');
INSERT INTO public.orderstatushistory (statushistoryid, orderid, status, statusdescription, notes, updatedby, createdat) VALUES ('fb6c90a9-6db6-41db-8475-658089f32fc2', '250325T7X3M9', 'PENDING', 'Đặt hàng thành công, chờ xác nhận', 'aaaaaAAAAAAaaaaaaaaaaa', '99505d8a-2682-4ed1-9b5f-962580ba72cb', '2025-03-25 11:24:29.382428+00');
INSERT INTO public.orderstatushistory (statushistoryid, orderid, status, statusdescription, notes, updatedby, createdat) VALUES ('eb338776-3132-4a27-bd2f-c9fccab67e45', '250325W9Q3T6', 'PENDING', 'Đặt hàng thành công, chờ xác nhận', 'heheqqqqqasdwadffsf', '99505d8a-2682-4ed1-9b5f-962580ba72cb', '2025-03-25 12:00:03.390001+00');
INSERT INTO public.orderstatushistory (statushistoryid, orderid, status, statusdescription, notes, updatedby, createdat) VALUES ('36d86b5d-de2f-488b-b16c-9430397543ad', '250325X2M8R5', 'PENDING', 'Đặt hàng thành công, chờ xác nhận', 'heheqqqqqasdwadffsf', '99505d8a-2682-4ed1-9b5f-962580ba72cb', '2025-03-25 12:02:36.859432+00');
INSERT INTO public.orderstatushistory (statushistoryid, orderid, status, statusdescription, notes, updatedby, createdat) VALUES ('ff92a0ff-dc4e-4e94-a06e-48d00e1e0adf', '250325M4N8J5', 'PENDING', 'Đặt hàng thành công, chờ xác nhận', 'áasasasasasasas', '99505d8a-2682-4ed1-9b5f-962580ba72cb', '2025-03-25 12:10:49.207788+00');
INSERT INTO public.orderstatushistory (statushistoryid, orderid, status, statusdescription, notes, updatedby, createdat) VALUES ('14cef228-ad88-481c-9f69-fde952fc7d7b', '250325Y6P1N4', 'PENDING', 'Đặt hàng thành công, chờ xác nhận', 'huyhuyhuyuyuyhuy', '99505d8a-2682-4ed1-9b5f-962580ba72cb', '2025-03-25 12:20:40.351288+00');
INSERT INTO public.orderstatushistory (statushistoryid, orderid, status, statusdescription, notes, updatedby, createdat) VALUES ('cc733bad-9e0a-47fd-87f0-c0f34cd9c3af', '250325Q3T7K9', 'PENDING', 'Đặt hàng thành công, chờ xác nhận', 'huyhuyhuyuyuyhuy', '99505d8a-2682-4ed1-9b5f-962580ba72cb', '2025-03-25 12:38:02.525932+00');
INSERT INTO public.orderstatushistory (statushistoryid, orderid, status, statusdescription, notes, updatedby, createdat) VALUES ('ce5935bf-5cde-48bc-8d94-f133d0abc7dc', '250325M8R2W5', 'PENDING', 'Đặt hàng thành công, chờ xác nhận', 'huyhuyhuyuyuyhuy', '99505d8a-2682-4ed1-9b5f-962580ba72cb', '2025-03-25 12:39:31.82129+00');
INSERT INTO public.orderstatushistory (statushistoryid, orderid, status, statusdescription, notes, updatedby, createdat) VALUES ('2dbcc435-c9db-47d6-8331-94e2468ce2fe', '250325P1N6Y3', 'PENDING', 'Đặt hàng thành công, chờ xác nhận', 'huyhuyhuyuyuyhuy', '99505d8a-2682-4ed1-9b5f-962580ba72cb', '2025-03-25 12:41:46.932657+00');
INSERT INTO public.orderstatushistory (statushistoryid, orderid, status, statusdescription, notes, updatedby, createdat) VALUES ('aa5ae866-6e30-497e-8d63-f8104413a571', '250325T4K8H7', 'PENDING', 'Đặt hàng thành công, chờ xác nhận', 'huyhuyhuyuyuyhuy', '99505d8a-2682-4ed1-9b5f-962580ba72cb', '2025-03-25 12:42:25.688333+00');
INSERT INTO public.orderstatushistory (statushistoryid, orderid, status, statusdescription, notes, updatedby, createdat) VALUES ('4c1811aa-5a85-4d8d-880a-543e4db582f4', '250325N9W2Q5', 'PENDING', 'Đặt hàng thành công, chờ xác nhận', 'string', '99505d8a-2682-4ed1-9b5f-962580ba72cb', '2025-03-25 15:27:33.615218+00');
INSERT INTO public.orderstatushistory (statushistoryid, orderid, status, statusdescription, notes, updatedby, createdat) VALUES ('b3307723-605b-4603-bc56-9fde9e9a7baa', '250325H3Y6T1', 'PENDING', 'Đặt hàng thành công, chờ xác nhận', '000', '99505d8a-2682-4ed1-9b5f-962580ba72cb', '2025-03-25 15:32:31.853315+00');
INSERT INTO public.orderstatushistory (statushistoryid, orderid, status, statusdescription, notes, updatedby, createdat) VALUES ('c28609fe-8854-44bf-b5ea-564e72e25f88', '250325K7P4M8', 'PENDING', 'Đặt hàng thành công, chờ xác nhận', '000', '99505d8a-2682-4ed1-9b5f-962580ba72cb', '2025-03-25 15:33:27.165888+00');
INSERT INTO public.orderstatushistory (statushistoryid, orderid, status, statusdescription, notes, updatedby, createdat) VALUES ('aeada51e-5b73-4935-8b69-0e7195ba3a73', '250325R2T9N5', 'PENDING', 'Đặt hàng thành công, chờ xác nhận', '000', '99505d8a-2682-4ed1-9b5f-962580ba72cb', '2025-03-25 15:35:33.268079+00');
INSERT INTO public.orderstatushistory (statushistoryid, orderid, status, statusdescription, notes, updatedby, createdat) VALUES ('a6787858-08d6-48ef-9b68-a1167c1dafa7', '250325Y1M7H4', 'PENDING', 'Đặt hàng thành công, chờ xác nhận', 'string', '99505d8a-2682-4ed1-9b5f-962580ba72cb', '2025-03-25 15:59:58.871225+00');
INSERT INTO public.orderstatushistory (statushistoryid, orderid, status, statusdescription, notes, updatedby, createdat) VALUES ('a61e296c-b026-4c18-baf5-2217b7283c7f', '250325T5N2K9', 'PENDING', 'Đặt hàng thành công, chờ xác nhận', 'string', '99505d8a-2682-4ed1-9b5f-962580ba72cb', '2025-03-25 16:00:55.90619+00');
INSERT INTO public.orderstatushistory (statushistoryid, orderid, status, statusdescription, notes, updatedby, createdat) VALUES ('db8008a3-0fb4-4a65-8e49-1dc8e8fb0b3c', '250325P8W6R3', 'PENDING', 'Đặt hàng thành công, chờ xác nhận', 'HEHEHHEEHEHE', '99505d8a-2682-4ed1-9b5f-962580ba72cb', '2025-03-25 17:03:01.00933+00');
INSERT INTO public.orderstatushistory (statushistoryid, orderid, status, statusdescription, notes, updatedby, createdat) VALUES ('78e47e8b-d929-460d-bfcd-748e375eb9b1', '250325Q2Y9T7', 'PENDING', 'Đặt hàng thành công, chờ xác nhận', 'hehewfdssgfgsdf', '99505d8a-2682-4ed1-9b5f-962580ba72cb', '2025-03-25 17:08:32.726499+00');
INSERT INTO public.orderstatushistory (statushistoryid, orderid, status, statusdescription, notes, updatedby, createdat) VALUES ('a6e557f6-1e53-4e6b-9038-55dc13d813e5', '250326M5H1N4', 'PENDING', 'Đặt hàng thành công, chờ xác nhận', '21312312', '99505d8a-2682-4ed1-9b5f-962580ba72cb', '2025-03-26 10:40:44.769463+00');
INSERT INTO public.orderstatushistory (statushistoryid, orderid, status, statusdescription, notes, updatedby, createdat) VALUES ('cacb768b-aa9c-4d7d-b8ea-ff8013cb8a61', '250326N8K6P2', 'PENDING', 'Đặt hàng thành công, chờ xác nhận', 'string', '99505d8a-2682-4ed1-9b5f-962580ba72cb', '2025-03-26 10:50:23.228679+00');
INSERT INTO public.orderstatushistory (statushistoryid, orderid, status, statusdescription, notes, updatedby, createdat) VALUES ('7aeddebc-1a41-411f-920e-5676ed72f6db', '250326R3T7W9', 'PENDING', 'Đặt hàng thành công, chờ xác nhận', '123123123', '99505d8a-2682-4ed1-9b5f-962580ba72cb', '2025-03-26 11:06:56.403112+00');
INSERT INTO public.orderstatushistory (statushistoryid, orderid, status, statusdescription, notes, updatedby, createdat) VALUES ('2f810a8a-cc81-43f3-a0ee-a1e46838d368', '250326W6Q1Y5', 'PENDING', 'Đặt hàng thành công, chờ xác nhận', 'string', '99505d8a-2682-4ed1-9b5f-962580ba72cb', '2025-03-26 16:11:44.080275+00');
INSERT INTO public.orderstatushistory (statushistoryid, orderid, status, statusdescription, notes, updatedby, createdat) VALUES ('5056e167-8172-4fdf-87f4-4b29fa4a31e9', '250326Y9T4M2', 'PENDING', 'Đặt hàng thành công, chờ xác nhận', 'string', '99505d8a-2682-4ed1-9b5f-962580ba72cb', '2025-03-26 16:12:13.436414+00');
INSERT INTO public.orderstatushistory (statushistoryid, orderid, status, statusdescription, notes, updatedby, createdat) VALUES ('a3f9b517-b56e-44fb-b277-807502c741b5', '250326H2N7P8', 'PENDING', 'Đặt hàng thành công, chờ xác nhận', 'string', '99505d8a-2682-4ed1-9b5f-962580ba72cb', '2025-03-26 16:12:21.804914+00');
INSERT INTO public.orderstatushistory (statushistoryid, orderid, status, statusdescription, notes, updatedby, createdat) VALUES ('6ff231a7-d4d4-4d43-a7bb-4e26d8b8772b', '250328K5R3T1', 'PENDING', 'Đặt hàng thành công, chờ xác nhận', '', '0d3e0249-dc2b-461f-994d-2636de840097', '2025-03-28 06:54:11.462256+00');
INSERT INTO public.orderstatushistory (statushistoryid, orderid, status, statusdescription, notes, updatedby, createdat) VALUES ('1c2f4a37-ea6a-4e2a-894a-e81d2dc8dcd7', '250328P9W6Q4', 'PENDING', 'Đặt hàng thành công, chờ xác nhận', '', '0d3e0249-dc2b-461f-994d-2636de840097', '2025-03-28 06:59:46.343764+00');
INSERT INTO public.orderstatushistory (statushistoryid, orderid, status, statusdescription, notes, updatedby, createdat) VALUES ('988b7a5a-5ea5-4e81-88ef-62c0c700d638', '250328T2Y8M7', 'PENDING', 'Đặt hàng thành công, chờ xác nhận', '', '0d3e0249-dc2b-461f-994d-2636de840097', '2025-03-28 07:11:41.779778+00');
INSERT INTO public.orderstatushistory (statushistoryid, orderid, status, statusdescription, notes, updatedby, createdat) VALUES ('8d647186-5926-4483-aff6-3f14e12942d1', '250328N6H1K3', 'PENDING', 'Đặt hàng thành công, chờ xác nhận', '', '0d3e0249-dc2b-461f-994d-2636de840097', '2025-03-28 07:13:26.448389+00');
INSERT INTO public.orderstatushistory (statushistoryid, orderid, status, statusdescription, notes, updatedby, createdat) VALUES ('f0e2f9f1-e80f-40ee-a983-e69b8d9f220e', '250328Q3T7P9', 'PENDING', 'Đặt hàng thành công, chờ xác nhận', '', '0d3e0249-dc2b-461f-994d-2636de840097', '2025-03-28 07:15:14.676138+00');
INSERT INTO public.orderstatushistory (statushistoryid, orderid, status, statusdescription, notes, updatedby, createdat) VALUES ('6c5660df-3100-4e28-af85-0dcaf79e5c3e', '250328W8R2Y5', 'PENDING', 'Đặt hàng thành công, chờ xác nhận', 'gggggggggggggggggggg', '0d3e0249-dc2b-461f-994d-2636de840097', '2025-03-28 08:16:33.003541+00');
INSERT INTO public.orderstatushistory (statushistoryid, orderid, status, statusdescription, notes, updatedby, createdat) VALUES ('4283ffbb-ec00-48e5-be40-ac4bcafe7493', '250328M1N6H4', 'PENDING', 'Đặt hàng thành công, chờ xác nhận', '', '0d3e0249-dc2b-461f-994d-2636de840097', '2025-03-28 08:19:05.605092+00');
INSERT INTO public.orderstatushistory (statushistoryid, orderid, status, statusdescription, notes, updatedby, createdat) VALUES ('11bacb73-5da5-4abe-993c-ced56fe00340', '250328Y5K9T2', 'PENDING', 'Đặt hàng thành công, chờ xác nhận', 'nothing', '0d3e0249-dc2b-461f-994d-2636de840097', '2025-03-28 17:40:46.966836+00');
INSERT INTO public.orderstatushistory (statushistoryid, orderid, status, statusdescription, notes, updatedby, createdat) VALUES ('443ad783-ef2c-4488-8e51-1412cc50771e', '250328H3P7W8', 'PENDING', 'Đặt hàng thành công, chờ xác nhận', '', '0d3e0249-dc2b-461f-994d-2636de840097', '2025-03-28 17:59:26.28955+00');
INSERT INTO public.orderstatushistory (statushistoryid, orderid, status, statusdescription, notes, updatedby, createdat) VALUES ('7462fba8-cc6c-45cf-8c5e-a34b13a368fd', '250328T6Q1N4', 'PENDING', 'Đặt hàng thành công, chờ xác nhận', '', '0d3e0249-dc2b-461f-994d-2636de840097', '2025-03-28 18:17:56.680784+00');
INSERT INTO public.orderstatushistory (statushistoryid, orderid, status, statusdescription, notes, updatedby, createdat) VALUES ('009dfbb1-e287-436a-b688-3d520cd733c0', '250329R9M5K2', 'PENDING', 'Đặt hàng thành công, chờ xác nhận', '', '0d3e0249-dc2b-461f-994d-2636de840097', '2025-03-29 06:10:52.961347+00');
INSERT INTO public.orderstatushistory (statushistoryid, orderid, status, statusdescription, notes, updatedby, createdat) VALUES ('b0c201da-af04-48a3-bbe7-ae1942e47cd7', '250329N2Y7T8', 'PENDING', 'Đặt hàng thành công, chờ xác nhận', '', '0d3e0249-dc2b-461f-994d-2636de840097', '2025-03-29 06:15:53.249847+00');
INSERT INTO public.orderstatushistory (statushistoryid, orderid, status, statusdescription, notes, updatedby, createdat) VALUES ('9ed22ec7-2477-4e34-a508-b35ca11a2461', '250329P6H3W1', 'PENDING', 'Đặt hàng thành công, chờ xác nhận', '', '0d3e0249-dc2b-461f-994d-2636de840097', '2025-03-29 06:16:34.435298+00');
INSERT INTO public.orderstatushistory (statushistoryid, orderid, status, statusdescription, notes, updatedby, createdat) VALUES ('853fe439-5c45-48ec-9729-77def6cae739', '250329K8T2Q5', 'PENDING', 'Đặt hàng thành công, chờ xác nhận', 'test', 'db1b8554-4614-4867-bf67-0fc1a51365b7', '2025-03-29 06:35:19.453513+00');
INSERT INTO public.orderstatushistory (statushistoryid, orderid, status, statusdescription, notes, updatedby, createdat) VALUES ('c28c0994-f825-4dc9-9839-6bc0ec1802d6', '250329W1N6R3', 'PENDING', 'Đặt hàng thành công, chờ xác nhận', '', 'db1b8554-4614-4867-bf67-0fc1a51365b7', '2025-03-29 06:37:30.446884+00');
INSERT INTO public.orderstatushistory (statushistoryid, orderid, status, statusdescription, notes, updatedby, createdat) VALUES ('09ceb175-e789-4522-9b20-056fd20f806d', '250329Y4M9H7', 'PENDING', 'Đặt hàng thành công, chờ xác nhận', '', '0d3e0249-dc2b-461f-994d-2636de840097', '2025-03-29 17:33:04.044488+00');
INSERT INTO public.orderstatushistory (statushistoryid, orderid, status, statusdescription, notes, updatedby, createdat) VALUES ('284fc1d4-6188-499e-a9ec-fc79d75a6cec', '250329Q7K2T5', 'PENDING', 'Đặt hàng thành công, chờ xác nhận', '', '0d3e0249-dc2b-461f-994d-2636de840097', '2025-03-29 17:33:47.816492+00');
INSERT INTO public.orderstatushistory (statushistoryid, orderid, status, statusdescription, notes, updatedby, createdat) VALUES ('3a1ee057-f94f-4a8b-9636-f9b3714694c8', '250329T3P8N1', 'PENDING', 'Đặt hàng thành công, chờ xác nhận', '', '0d3e0249-dc2b-461f-994d-2636de840097', '2025-03-29 17:36:51.53198+00');
INSERT INTO public.orderstatushistory (statushistoryid, orderid, status, statusdescription, notes, updatedby, createdat) VALUES ('ec085ec9-c649-46ea-88a7-dec994540d26', '250329H6W4Y9', 'PENDING', 'Đặt hàng thành công, chờ xác nhận', '', '0d3e0249-dc2b-461f-994d-2636de840097', '2025-03-29 17:38:44.351699+00');
INSERT INTO public.orderstatushistory (statushistoryid, orderid, status, statusdescription, notes, updatedby, createdat) VALUES ('c4a4e176-7ffc-458a-864d-0a2ea755c2da', '250329R2Q7M5', 'PENDING', 'Đặt hàng thành công, chờ xác nhận', '', '0d3e0249-dc2b-461f-994d-2636de840097', '2025-03-29 17:39:47.967231+00');
INSERT INTO public.orderstatushistory (statushistoryid, orderid, status, statusdescription, notes, updatedby, createdat) VALUES ('aaff878b-5ed4-4171-a972-ff0e30949911', '250329N9T3K8', 'PENDING', 'Đặt hàng thành công, chờ xác nhận', '', '0d3e0249-dc2b-461f-994d-2636de840097', '2025-03-29 17:41:09.08896+00');
INSERT INTO public.orderstatushistory (statushistoryid, orderid, status, statusdescription, notes, updatedby, createdat) VALUES ('274d113e-c08a-4093-bd65-7d2278ff9745', '250329P5H1W6', 'PENDING', 'Đặt hàng thành công, chờ xác nhận', '', '0d3e0249-dc2b-461f-994d-2636de840097', '2025-03-29 17:46:44.131623+00');
INSERT INTO public.orderstatushistory (statushistoryid, orderid, status, statusdescription, notes, updatedby, createdat) VALUES ('bb8d25fa-1d6a-47ab-8b23-9e534b1af144', '250330M7Y4T2', 'PENDING', 'Đặt hàng thành công, chờ xác nhận', '', 'db1b8554-4614-4867-bf67-0fc1a51365b7', '2025-03-30 07:54:59.976198+00');
INSERT INTO public.orderstatushistory (statushistoryid, orderid, status, statusdescription, notes, updatedby, createdat) VALUES ('56195b26-fd39-4259-9e3c-810e00798265', '250330K3N8Q6', 'PENDING', 'Đặt hàng thành công, chờ xác nhận', '', 'db1b8554-4614-4867-bf67-0fc1a51365b7', '2025-03-30 13:28:24.052845+00');
INSERT INTO public.orderstatushistory (statushistoryid, orderid, status, statusdescription, notes, updatedby, createdat) VALUES ('49451013-c65a-4720-afe3-0ea7dc3e7ddb', '250330W9T2H5', 'PENDING', 'Đặt hàng thành công, chờ xác nhận', '', 'db1b8554-4614-4867-bf67-0fc1a51365b7', '2025-03-30 14:08:24.92583+00');
INSERT INTO public.orderstatushistory (statushistoryid, orderid, status, statusdescription, notes, updatedby, createdat) VALUES ('bc2678f5-0096-4c03-a859-28bc9f85d50f', '250331R6P1M3', 'PENDING', 'Đặt hàng thành công, chờ xác nhận', '', 'db1b8554-4614-4867-bf67-0fc1a51365b7', '2025-03-31 08:09:25.772815+00');
INSERT INTO public.orderstatushistory (statushistoryid, orderid, status, statusdescription, notes, updatedby, createdat) VALUES ('438fce04-785e-4e6c-963c-a1a2b2b2794e', '250402W6T1N5', 'PENDING', 'Đặt hàng thành công, chờ xác nhận', '', 'db1b8554-4614-4867-bf67-0fc1a51365b7', '2025-04-02 07:48:35.903582+00');
INSERT INTO public.orderstatushistory (statushistoryid, orderid, status, statusdescription, notes, updatedby, createdat) VALUES ('2b8b9c80-faef-4ff5-920b-d6ebf99d5f2d', '250402T8K5N7', 'PENDING', 'Đặt hàng thành công, chờ xác nhận', '', 'db1b8554-4614-4867-bf67-0fc1a51365b7', '2025-04-02 08:26:53.097499+00');
INSERT INTO public.orderstatushistory (statushistoryid, orderid, status, statusdescription, notes, updatedby, createdat) VALUES ('3effbf29-ba52-43b1-91c8-3eb1baa3df1a', '250402H2Y9Q4', 'PENDING', 'Đặt hàng thành công, chờ xác nhận', '', 'db1b8554-4614-4867-bf67-0fc1a51365b7', '2025-04-02 08:27:51.610003+00');
INSERT INTO public.orderstatushistory (statushistoryid, orderid, status, statusdescription, notes, updatedby, createdat) VALUES ('e17a7537-0b69-476c-9d5e-fc572a974d7c', '250402N6W3T1', 'PENDING', 'Đặt hàng thành công, chờ xác nhận', '', 'db1b8554-4614-4867-bf67-0fc1a51365b7', '2025-04-02 08:39:22.843988+00');
INSERT INTO public.orderstatushistory (statushistoryid, orderid, status, statusdescription, notes, updatedby, createdat) VALUES ('a56dd6b6-9dca-47b7-b081-a2830497abbb', '250402P9M7K5', 'PENDING', 'Đặt hàng thành công, chờ xác nhận', 'testtttttttttttttttt', 'db1b8554-4614-4867-bf67-0fc1a51365b7', '2025-04-02 08:47:12.349789+00');
INSERT INTO public.orderstatushistory (statushistoryid, orderid, status, statusdescription, notes, updatedby, createdat) VALUES ('58e3e1d6-3cd4-42d8-b65f-8ae4dbc168a4', '250402Q3T8H2', 'PENDING', 'Đặt hàng thành công, chờ xác nhận', 'testtttttttttttttttt', 'db1b8554-4614-4867-bf67-0fc1a51365b7', '2025-04-02 08:48:11.740643+00');
INSERT INTO public.orderstatushistory (statushistoryid, orderid, status, statusdescription, notes, updatedby, createdat) VALUES ('bdb64cec-4e1d-4243-9bff-b5087266f66b', '250402Y5N1W6', 'PENDING', 'Đặt hàng thành công, chờ xác nhận', 'testtttttttttttttttt', 'db1b8554-4614-4867-bf67-0fc1a51365b7', '2025-04-02 08:51:54.805615+00');
INSERT INTO public.orderstatushistory (statushistoryid, orderid, status, statusdescription, notes, updatedby, createdat) VALUES ('171d881e-fd10-472b-b411-8ef6df6820ab', '250402K7P4T9', 'PENDING', 'Đặt hàng thành công, chờ xác nhận', 'testtttttttttttttttt', 'db1b8554-4614-4867-bf67-0fc1a51365b7', '2025-04-02 08:54:17.561669+00');
INSERT INTO public.orderstatushistory (statushistoryid, orderid, status, statusdescription, notes, updatedby, createdat) VALUES ('d2fcf05f-97f8-4bb7-880f-11797de5fe58', '250402Y8H3T6', 'PENDING', 'Đặt hàng thành công, chờ xác nhận', 'testtttttttttttttttt', 'db1b8554-4614-4867-bf67-0fc1a51365b7', '2025-04-02 08:54:47.605374+00');
INSERT INTO public.orderstatushistory (statushistoryid, orderid, status, statusdescription, notes, updatedby, createdat) VALUES ('5048c24f-4de0-45c7-b9d8-4f20e386dc46', '250402W6T1N5', 'CONFIRMED', 'Đơn hàng đã được xác nhận', 'Đơn hàng đã được xử lý', 'be11205a-747c-42ca-b969-f5b33a7c92ab', '2025-04-02 21:01:24.29476+00');
INSERT INTO public.orderstatushistory (statushistoryid, orderid, status, statusdescription, notes, updatedby, createdat) VALUES ('4a7dcc4d-65e0-40eb-a2b8-24760d009186', '250403T9K3Y7', 'PENDING', 'Đặt hàng thành công, chờ xác nhận', '', 'db1b8554-4614-4867-bf67-0fc1a51365b7', '2025-04-03 07:01:10.961659+00');
INSERT INTO public.orderstatushistory (statushistoryid, orderid, status, statusdescription, notes, updatedby, createdat) VALUES ('b528dfba-1485-47cd-bef6-9c4d485a3182', '250403H5P8M2', 'PENDING', 'Đặt hàng thành công, chờ xác nhận', '', 'db1b8554-4614-4867-bf67-0fc1a51365b7', '2025-04-03 07:02:37.672301+00');
INSERT INTO public.orderstatushistory (statushistoryid, orderid, status, statusdescription, notes, updatedby, createdat) VALUES ('95572eaa-8a75-484c-9427-291766ee24b9', '250403N1W6T4', 'PENDING', 'Đặt hàng thành công, chờ xác nhận', '', 'db1b8554-4614-4867-bf67-0fc1a51365b7', '2025-04-03 07:10:40.227193+00');
INSERT INTO public.orderstatushistory (statushistoryid, orderid, status, statusdescription, notes, updatedby, createdat) VALUES ('67c5511b-3ba9-4937-9d2b-2266f96a66f4', '250403Q7Y2K9', 'PENDING', 'Đặt hàng thành công, chờ xác nhận', 'string', 'db1b8554-4614-4867-bf67-0fc1a51365b7', '2025-04-03 07:19:01.7311+00');
INSERT INTO public.orderstatushistory (statushistoryid, orderid, status, statusdescription, notes, updatedby, createdat) VALUES ('ea39ddca-2fd4-4ece-b22b-7c129ccb23e3', '250403P3M8H6', 'PENDING', 'Đặt hàng thành công, chờ xác nhận', 'string', 'db1b8554-4614-4867-bf67-0fc1a51365b7', '2025-04-03 07:25:03.100468+00');
INSERT INTO public.orderstatushistory (statushistoryid, orderid, status, statusdescription, notes, updatedby, createdat) VALUES ('4a27dd5b-fce7-4600-81a7-ae92b0562869', '250403R9T5N1', 'PENDING', 'Đặt hàng thành công, chờ xác nhận', '', 'db1b8554-4614-4867-bf67-0fc1a51365b7', '2025-04-03 07:26:28.530105+00');
INSERT INTO public.orderstatushistory (statushistoryid, orderid, status, statusdescription, notes, updatedby, createdat) VALUES ('52bde3c9-1f53-4357-8799-07f2178c2617', '250403K2W7Q4', 'PENDING', 'Đặt hàng thành công, chờ xác nhận', 'lay o cong chinh ktx khu b dai hoc quoc gia tphcm', 'db1b8554-4614-4867-bf67-0fc1a51365b7', '2025-04-03 08:46:23.625603+00');
INSERT INTO public.orderstatushistory (statushistoryid, orderid, status, statusdescription, notes, updatedby, createdat) VALUES ('00e8dd39-a764-4cdf-8174-0be3b4e3d3f6', '250403M6P1N9', 'PENDING', 'Đặt hàng thành công, chờ xác nhận', '', 'db1b8554-4614-4867-bf67-0fc1a51365b7', '2025-04-03 14:10:55.640968+00');
INSERT INTO public.orderstatushistory (statushistoryid, orderid, status, statusdescription, notes, updatedby, createdat) VALUES ('860a3814-4f9e-4125-917e-5012b3e96f3d', '250403H7T1N4', 'PENDING', 'Đặt hàng thành công, chờ xác nhận', '', 'db1b8554-4614-4867-bf67-0fc1a51365b7', '2025-04-03 14:17:54.224831+00');
INSERT INTO public.orderstatushistory (statushistoryid, orderid, status, statusdescription, notes, updatedby, createdat) VALUES ('3ea2cd40-9630-4733-8eaa-55e7a14377a2', '250402Y8H3T6', 'CONFIRMED', 'Đơn hàng đã được xác nhận', 'customer staff note', '9124ca24-9256-4316-9388-6b841faca476', '2025-04-04 03:18:08.850082+00');
INSERT INTO public.orderstatushistory (statushistoryid, orderid, status, statusdescription, notes, updatedby, createdat) VALUES ('a395372e-5d23-4bf8-88ac-50968ddbc75d', '250404T4K8W2', 'PENDING', 'Đặt hàng thành công, chờ xác nhận', '', '99505d8a-2682-4ed1-9b5f-962580ba72cb', '2025-04-04 08:28:52.922739+00');
INSERT INTO public.orderstatushistory (statushistoryid, orderid, status, statusdescription, notes, updatedby, createdat) VALUES ('b85a0bb7-09cf-4546-8615-9333f22af877', '250404N7Y3Q5', 'PENDING', 'Đặt hàng thành công, chờ xác nhận', '', 'db1b8554-4614-4867-bf67-0fc1a51365b7', '2025-04-04 09:52:09.021734+00');
INSERT INTO public.orderstatushistory (statushistoryid, orderid, status, statusdescription, notes, updatedby, createdat) VALUES ('a5624156-bfc6-47d1-bc94-bbd3f06e6961', '250404T4K8W2', 'CANCELLED', 'Đơn hàng đã hủy.', 'khách hàng hủy đơn. Đã gọi anh Hải', '9124ca24-9256-4316-9388-6b841faca476', '2025-04-04 10:50:53.058383+00');
INSERT INTO public.orderstatushistory (statushistoryid, orderid, status, statusdescription, notes, updatedby, createdat) VALUES ('4af81f64-dadd-424c-9bf4-c44971f862c4', '250404N7Y3Q5', 'CANCELLED', 'Đơn hàng đã hủy.', 'khách hàng báo hủy đơn. Đã gọi anh Hải', '9124ca24-9256-4316-9388-6b841faca476', '2025-04-04 10:57:10.935454+00');
INSERT INTO public.orderstatushistory (statushistoryid, orderid, status, statusdescription, notes, updatedby, createdat) VALUES ('bb355a24-23cd-4498-850a-40b8996620e5', '250404W5T2K3', 'PENDING', 'Đặt hàng thành công, chờ xác nhận', 'lay hang o dau do', 'db1b8554-4614-4867-bf67-0fc1a51365b7', '2025-04-04 12:03:12.360179+00');
INSERT INTO public.orderstatushistory (statushistoryid, orderid, status, statusdescription, notes, updatedby, createdat) VALUES ('56028da7-6918-4ef8-86af-a382a17b78b6', '250404W5T2K3', 'CONFIRMED', 'Đơn hàng đã được xác nhận', 'Khách hàng xác nhận đơn', '9124ca24-9256-4316-9388-6b841faca476', '2025-04-04 14:18:50.204277+00');
INSERT INTO public.orderstatushistory (statushistoryid, orderid, status, statusdescription, notes, updatedby, createdat) VALUES ('9c52d69e-5384-482b-a9c2-1a381a77b4e2', '250404Q8N6H7', 'PENDING', 'Đặt hàng thành công, chờ xác nhận', '', 'db1b8554-4614-4867-bf67-0fc1a51365b7', '2025-04-04 17:53:22.491122+00');
INSERT INTO public.orderstatushistory (statushistoryid, orderid, status, statusdescription, notes, updatedby, createdat) VALUES ('a045edc3-db3c-437f-b3b7-23f6c8f009f8', '250403H7T1N4', 'CONFIRMED', 'Đơn hàng đã được xác nhận', '', '9124ca24-9256-4316-9388-6b841faca476', '2025-04-05 03:59:52.600498+00');
INSERT INTO public.orderstatushistory (statushistoryid, orderid, status, statusdescription, notes, updatedby, createdat) VALUES ('a66b8d84-cc47-4833-b378-24d6418fc20a', '250403M6P1N9', 'CONFIRMED', 'Đơn hàng đã được xác nhận', '', '9124ca24-9256-4316-9388-6b841faca476', '2025-04-05 04:01:02.64758+00');
INSERT INTO public.orderstatushistory (statushistoryid, orderid, status, statusdescription, notes, updatedby, createdat) VALUES ('3b97676b-b9ac-4496-a42c-b3a3d7c27a49', '250404Q8N6H7', 'CONFIRMED', 'Đơn hàng đã được xác nhận', '', '9124ca24-9256-4316-9388-6b841faca476', '2025-04-05 04:41:26.844518+00');
INSERT INTO public.orderstatushistory (statushistoryid, orderid, status, statusdescription, notes, updatedby, createdat) VALUES ('e47679df-5378-480c-8a89-3c9cc7ff1f9a', '250403R9T5N1', 'CANCELLED', 'Đơn hàng đã hủy.', 'có việc đột xuất', '9124ca24-9256-4316-9388-6b841faca476', '2025-04-05 04:53:09.917127+00');
INSERT INTO public.orderstatushistory (statushistoryid, orderid, status, statusdescription, notes, updatedby, createdat) VALUES ('3d340735-8b0f-43bf-bf00-094bcea04a25', '250403R9T5N1', 'CANCELLED', 'Đơn hàng đã hủy.', 'đang bận', '9124ca24-9256-4316-9388-6b841faca476', '2025-04-05 04:53:25.097898+00');
INSERT INTO public.orderstatushistory (statushistoryid, orderid, status, statusdescription, notes, updatedby, createdat) VALUES ('4c6bc6eb-8354-4dfb-a4ea-1d2a0f7034b2', '250403R9T5N1', 'CANCELLED', 'Đơn hàng đã hủy.', 'đang bận', '9124ca24-9256-4316-9388-6b841faca476', '2025-04-05 04:53:32.391043+00');
INSERT INTO public.orderstatushistory (statushistoryid, orderid, status, statusdescription, notes, updatedby, createdat) VALUES ('c10345f7-8af4-48f2-92fc-506d642c4622', '250403R9T5N1', 'CANCELLED', 'Đơn hàng đã hủy.', 'hủy nhận đơn hàng', '9124ca24-9256-4316-9388-6b841faca476', '2025-04-05 04:53:47.301687+00');
INSERT INTO public.orderstatushistory (statushistoryid, orderid, status, statusdescription, notes, updatedby, createdat) VALUES ('839c852a-1e68-470b-86df-823a95c81e62', '250405P9M2W4', 'PENDING', 'Đặt hàng thành công, chờ xác nhận', 'Huy 4/5/2025', '99505d8a-2682-4ed1-9b5f-962580ba72cb', '2025-04-05 08:00:45.792107+00');
INSERT INTO public.orderstatushistory (statushistoryid, orderid, status, statusdescription, notes, updatedby, createdat) VALUES ('7dbd7942-e457-413c-a1e8-5069a6f76712', '250405P9M2W4', 'CONFIRMED', 'Đơn hàng đã được xác nhận', '123123123', '9124ca24-9256-4316-9388-6b841faca476', '2025-04-05 08:09:50.323468+00');
INSERT INTO public.orderstatushistory (statushistoryid, orderid, status, statusdescription, notes, updatedby, createdat) VALUES ('3433506b-f24e-4523-b9e1-00a87a0acd09', '250405T6H8Q3', 'PENDING', 'Đặt hàng thành công, chờ xác nhận', '', '99505d8a-2682-4ed1-9b5f-962580ba72cb', '2025-04-05 08:24:26.559695+00');
INSERT INTO public.orderstatushistory (statushistoryid, orderid, status, statusdescription, notes, updatedby, createdat) VALUES ('9456a4e3-8b74-4e73-8f49-eb297eaafdd5', '250405T6H8Q3', 'CONFIRMED', 'Đơn hàng đã được xác nhận', 'huy123', '9124ca24-9256-4316-9388-6b841faca476', '2025-04-05 08:41:36.60916+00');
INSERT INTO public.orderstatushistory (statushistoryid, orderid, status, statusdescription, notes, updatedby, createdat) VALUES ('4f46fbd9-1ea2-495c-af11-4c8430b1ee13', '250405H1P9M6', 'PENDING', 'Đặt hàng thành công, chờ xác nhận', 'Huy 5/4/2025', '99505d8a-2682-4ed1-9b5f-962580ba72cb', '2025-04-05 09:07:44.75059+00');
INSERT INTO public.orderstatushistory (statushistoryid, orderid, status, statusdescription, notes, updatedby, createdat) VALUES ('292a81b7-f6f8-4a79-ae26-f09b1b770765', '250405H1P9M6', 'CONFIRMED', 'Đơn hàng đã được xác nhận', 'huy1213', '9124ca24-9256-4316-9388-6b841faca476', '2025-04-05 09:10:30.031387+00');
INSERT INTO public.orderstatushistory (statushistoryid, orderid, status, statusdescription, notes, updatedby, createdat) VALUES ('13625a5d-e226-4d6f-ab17-99b868e5b434', '250405K3Y7T1', 'PENDING', 'Đặt hàng thành công, chờ xác nhận', '', 'db1b8554-4614-4867-bf67-0fc1a51365b7', '2025-04-05 09:13:02.027761+00');
INSERT INTO public.orderstatushistory (statushistoryid, orderid, status, statusdescription, notes, updatedby, createdat) VALUES ('23e1b45e-1194-4782-8ad7-558946fdb06b', '250405N2K5Y9', 'PENDING', 'Đặt hàng thành công, chờ xác nhận', 'string', 'db1b8554-4614-4867-bf67-0fc1a51365b7', '2025-04-05 09:17:02.383966+00');
INSERT INTO public.orderstatushistory (statushistoryid, orderid, status, statusdescription, notes, updatedby, createdat) VALUES ('998c2a61-814c-48ac-a323-0c725599e533', '250405W7P1T6', 'PENDING', 'Đặt hàng thành công, chờ xác nhận', 'string', '99505d8a-2682-4ed1-9b5f-962580ba72cb', '2025-04-05 09:19:29.079409+00');
INSERT INTO public.orderstatushistory (statushistoryid, orderid, status, statusdescription, notes, updatedby, createdat) VALUES ('9dc0341b-3833-481d-b8dd-70c117351e83', '250405Y3M8H2', 'PENDING', 'Đặt hàng thành công, chờ xác nhận', '', '99505d8a-2682-4ed1-9b5f-962580ba72cb', '2025-04-05 09:20:40.822643+00');
INSERT INTO public.orderstatushistory (statushistoryid, orderid, status, statusdescription, notes, updatedby, createdat) VALUES ('b8641e20-5439-48ab-b593-6084d95e7b9d', '250405H6T9Q4', 'PENDING', 'Đặt hàng thành công, chờ xác nhận', 'string', 'db1b8554-4614-4867-bf67-0fc1a51365b7', '2025-04-05 09:20:45.385095+00');
INSERT INTO public.orderstatushistory (statushistoryid, orderid, status, statusdescription, notes, updatedby, createdat) VALUES ('be4ad5cd-d5fd-4689-bd99-6294e8bc8cc6', '250405K1W3N7', 'PENDING', 'Đặt hàng thành công, chờ xác nhận', 'string', 'db1b8554-4614-4867-bf67-0fc1a51365b7', '2025-04-05 09:24:22.029104+00');
INSERT INTO public.orderstatushistory (statushistoryid, orderid, status, statusdescription, notes, updatedby, createdat) VALUES ('b8cfd5e2-ed62-4406-9cdd-4386279afe00', '250405P8Y6M2', 'PENDING', 'Đặt hàng thành công, chờ xác nhận', 'string', '99505d8a-2682-4ed1-9b5f-962580ba72cb', '2025-04-05 09:27:03.432554+00');
INSERT INTO public.orderstatushistory (statushistoryid, orderid, status, statusdescription, notes, updatedby, createdat) VALUES ('80e3ce7f-b535-4d05-abea-393c95e3a6ff', '250405P8Y6M2', 'CONFIRMED', 'Đơn hàng đã được xác nhận', 'huy1213', '9124ca24-9256-4316-9388-6b841faca476', '2025-04-05 09:29:20.286752+00');
INSERT INTO public.orderstatushistory (statushistoryid, orderid, status, statusdescription, notes, updatedby, createdat) VALUES ('470449c0-7c76-4c30-b61e-501ba31c7979', '250405Q9M3Y6', 'PENDING', 'Đặt hàng thành công, chờ xác nhận', 'giat som, dang can gap ', 'db1b8554-4614-4867-bf67-0fc1a51365b7', '2025-04-05 15:59:45.400793+00');
INSERT INTO public.orderstatushistory (statushistoryid, orderid, status, statusdescription, notes, updatedby, createdat) VALUES ('8f68f2f2-1f80-459d-b068-28dc58bd27d2', '250405T4H9Q7', 'PENDING', 'Đặt hàng thành công, chờ xác nhận', 'Nhân viên đến nhận hàng nhớ bấm chuông', '99505d8a-2682-4ed1-9b5f-962580ba72cb', '2025-04-05 17:39:25.314764+00');
INSERT INTO public.orderstatushistory (statushistoryid, orderid, status, statusdescription, notes, updatedby, createdat) VALUES ('adcf4499-34d3-45cf-81cf-97a036bc5185', '250405N2K5W1', 'PENDING', 'Đặt hàng thành công, chờ xác nhận', '', '99505d8a-2682-4ed1-9b5f-962580ba72cb', '2025-04-05 17:40:51.219332+00');
INSERT INTO public.orderstatushistory (statushistoryid, orderid, status, statusdescription, notes, updatedby, createdat) VALUES ('d5165c73-a215-4141-a625-5744a8231dbf', '250405W6P8T3', 'PENDING', 'Đặt hàng thành công, chờ xác nhận', '', '99505d8a-2682-4ed1-9b5f-962580ba72cb', '2025-04-05 17:45:47.853038+00');
INSERT INTO public.orderstatushistory (statushistoryid, orderid, status, statusdescription, notes, updatedby, createdat) VALUES ('5589ca21-2d5e-4c62-ba26-b50478d95d0f', '250405Y3K8P2', 'PENDING', 'Đặt hàng thành công, chờ xác nhận', '', '99505d8a-2682-4ed1-9b5f-962580ba72cb', '2025-04-05 17:46:33.506728+00');
INSERT INTO public.orderstatushistory (statushistoryid, orderid, status, statusdescription, notes, updatedby, createdat) VALUES ('00b34aef-c33c-4cda-8cfe-a002c1166bc5', '250405T6W2M9', 'PENDING', 'Đặt hàng thành công, chờ xác nhận', '', '99505d8a-2682-4ed1-9b5f-962580ba72cb', '2025-04-05 17:49:19.217167+00');
INSERT INTO public.orderstatushistory (statushistoryid, orderid, status, statusdescription, notes, updatedby, createdat) VALUES ('fc0ce686-b90e-402f-96d6-1b1b148ccb6c', '250405P1N7H5', 'PENDING', 'Đặt hàng thành công, chờ xác nhận', '', '99505d8a-2682-4ed1-9b5f-962580ba72cb', '2025-04-05 18:08:32.858235+00');
INSERT INTO public.orderstatushistory (statushistoryid, orderid, status, statusdescription, notes, updatedby, createdat) VALUES ('a12564e5-8e58-4ae6-9c3d-066abaaeddb9', '250405K8Q3T9', 'PENDING', 'Đặt hàng thành công, chờ xác nhận', '', '99505d8a-2682-4ed1-9b5f-962580ba72cb', '2025-04-05 18:09:20.218558+00');
INSERT INTO public.orderstatushistory (statushistoryid, orderid, status, statusdescription, notes, updatedby, createdat) VALUES ('3f1dfd61-a29f-4dda-aa3f-7ad987b6456d', '250405M4Y6W2', 'PENDING', 'Đặt hàng thành công, chờ xác nhận', 'string', '99505d8a-2682-4ed1-9b5f-962580ba72cb', '2025-04-05 18:15:47.674563+00');
INSERT INTO public.orderstatushistory (statushistoryid, orderid, status, statusdescription, notes, updatedby, createdat) VALUES ('3c773fc6-5dc3-46c9-8581-b630dc714feb', '250405H9T2P7', 'PENDING', 'Đặt hàng thành công, chờ xác nhận', 'string', '99505d8a-2682-4ed1-9b5f-962580ba72cb', '2025-04-05 18:17:08.615093+00');
INSERT INTO public.orderstatushistory (statushistoryid, orderid, status, statusdescription, notes, updatedby, createdat) VALUES ('474ba6ca-6409-4470-8171-8c392857c454', '250405Q9M3Y6', 'CONFIRMED', 'Đơn hàng đã được xác nhận', '', '9124ca24-9256-4316-9388-6b841faca476', '2025-04-06 06:25:50.431275+00');
INSERT INTO public.orderstatushistory (statushistoryid, orderid, status, statusdescription, notes, updatedby, createdat) VALUES ('c5e39d58-7021-43b7-bb73-ee54eebbef30', '250406W2P9T6', 'PENDING', 'Đặt hàng thành công, chờ xác nhận', 'Lấy hàng ở cổng trước ktx ', 'db1b8554-4614-4867-bf67-0fc1a51365b7', '2025-04-06 06:44:36.834307+00');
INSERT INTO public.orderstatushistory (statushistoryid, orderid, status, statusdescription, notes, updatedby, createdat) VALUES ('e54132f0-27d6-4e06-833d-a797faea2d90', '250406N5K8Q3', 'PENDING', 'Đặt hàng thành công, chờ xác nhận', 'lay hang o cong truoc ktx', 'db1b8554-4614-4867-bf67-0fc1a51365b7', '2025-04-06 07:01:48.406847+00');
INSERT INTO public.orderstatushistory (statushistoryid, orderid, status, statusdescription, notes, updatedby, createdat) VALUES ('448e30e6-4941-492c-8381-94ae7d3f5fc8', '250406N5K8Q3', 'CONFIRMED', 'Đơn hàng đã được xác nhận', '', '9124ca24-9256-4316-9388-6b841faca476', '2025-04-06 07:05:33.806013+00');
INSERT INTO public.orderstatushistory (statushistoryid, orderid, status, statusdescription, notes, updatedby, createdat) VALUES ('4ae6859f-64e2-450c-9d25-19e5a29cd016', '250406W2P9T6', 'CANCELLED', 'Đơn hàng đã hủy.', 'Không muốn giặt nữa', '9124ca24-9256-4316-9388-6b841faca476', '2025-04-06 12:16:58.157749+00');
INSERT INTO public.orderstatushistory (statushistoryid, orderid, status, statusdescription, notes, updatedby, createdat) VALUES ('f76129fb-7159-416f-9842-bcf7fb026e8a', '250406Y7M3H1', 'PENDING', 'Đặt hàng thành công, chờ xác nhận', '', '99505d8a-2682-4ed1-9b5f-962580ba72cb', '2025-04-06 12:24:30.395522+00');
INSERT INTO public.orderstatushistory (statushistoryid, orderid, status, statusdescription, notes, updatedby, createdat) VALUES ('9afd6e52-4e25-4ec8-9a93-e49ad39d7745', '250406Y7M3H1', 'CANCELLED', 'Đơn hàng đã hủy.', 'Không muốn giặt nữa', '9124ca24-9256-4316-9388-6b841faca476', '2025-04-06 12:25:37.194948+00');
INSERT INTO public.orderstatushistory (statushistoryid, orderid, status, statusdescription, notes, updatedby, createdat) VALUES ('90fe4ba7-24ff-49ff-8978-5657ed64d114', '250403H7T1N4', 'PICKING_UP', 'Tài xế đang tiến hành đi nhận hàng', NULL, 'a7f03669-a263-47e5-b61b-58957b34dd4e', '2025-04-06 17:03:22.625342+00');
INSERT INTO public.orderstatushistory (statushistoryid, orderid, status, statusdescription, notes, updatedby, createdat) VALUES ('22fb90a1-b06a-403d-b3c6-d70db8c3616a', '250403H7T1N4', 'PICKED_UP', 'Tài xế đã nhận hàng thành công', 'Nhận hàng từ con của chủ nhà', 'a7f03669-a263-47e5-b61b-58957b34dd4e', '2025-04-06 17:07:55.749624+00');
INSERT INTO public.orderstatushistory (statushistoryid, orderid, status, statusdescription, notes, updatedby, createdat) VALUES ('fde9b585-e76b-43b9-b103-58f0f8089331', '250403H7T1N4', 'RECEIVED', 'Tài xế đã nhận hàng về tới nơi', NULL, 'a7f03669-a263-47e5-b61b-58957b34dd4e', '2025-04-06 17:17:54.585956+00');

----------------------
INSERT INTO public.orderitems (orderitemid, orderid, serviceid, quantity, baseprice, createdat) VALUES ('268454fe-a343-4636-9711-1c086548ec86', '250322X7K9P2', 'a6277138-3952-4313-a2c1-26abec65849b', 11, 139000, '2025-03-22 15:36:36.022342+00');
INSERT INTO public.orderitems (orderitemid, orderid, serviceid, quantity, baseprice, createdat) VALUES ('7c131291-b52e-4e47-a730-6c8bbb822976', '250322X7K9P2', 'a6277138-3952-4313-a2c1-26abec65849b', 7, 139000, '2025-03-22 15:37:46.336896+00');
INSERT INTO public.orderitems (orderitemid, orderid, serviceid, quantity, baseprice, createdat) VALUES ('2ace2f83-277e-400b-913b-f521c715181a', '250320Q9R3T6', 'a6277138-3952-4313-a2c1-26abec65849b', 2, 139000, '2025-03-23 17:07:24.073526+00');
INSERT INTO public.orderitems (orderitemid, orderid, serviceid, quantity, baseprice, createdat) VALUES ('fe2a4a2c-689d-4ce3-992d-ae87ccfb721e', '250324B2V5Y8', '0143c180-8270-4845-bc69-2d2213099b71', 1, 170000, '2025-03-24 12:43:04.067325+00');
INSERT INTO public.orderitems (orderitemid, orderid, serviceid, quantity, baseprice, createdat) VALUES ('f2a9f048-6ced-4fb9-a67d-2641ab67309f', '250324F6H1K3', '06595427-448c-4425-b097-320ac0a714ed', -2147483647, NULL, '2025-03-24 12:56:26.010126+00');
INSERT INTO public.orderitems (orderitemid, orderid, serviceid, quantity, baseprice, createdat) VALUES ('f3d0b1a5-364e-4e40-abfb-6f4bc4afe28b', '250324P7T9W2', '06595427-448c-4425-b097-320ac0a714ed', 1, 319000, '2025-03-24 13:01:27.515644+00');
INSERT INTO public.orderitems (orderitemid, orderid, serviceid, quantity, baseprice, createdat) VALUES ('101db1a3-1d5c-4d03-9a8b-b04e8b61275b', '250324J3M8R5', 'a6277138-3952-4313-a2c1-26abec65849b', 1, 139000, '2025-03-22 19:15:01.595973+00');
INSERT INTO public.orderitems (orderitemid, orderid, serviceid, quantity, baseprice, createdat) VALUES ('9e9460e5-7822-4a60-b567-ee17984ad705', '250325N1K5P8', '270a1a88-61c8-41ce-9303-bda6bd422f18', 1, NULL, '2025-03-25 08:43:34.036869+00');
INSERT INTO public.orderitems (orderitemid, orderid, serviceid, quantity, baseprice, createdat) VALUES ('3ff40b0c-cb69-4acb-bd70-e66bb7656e49', '250325C4N6X1', '0143c180-8270-4845-bc69-2d2213099b71', 1, 170000, '2025-03-25 08:49:34.441962+00');
INSERT INTO public.orderitems (orderitemid, orderid, serviceid, quantity, baseprice, createdat) VALUES ('a734b7ef-dc29-4344-88b2-29031723df5d', '250325K8P2V7', '0143c180-8270-4845-bc69-2d2213099b71', 1, 170000, '2025-03-25 08:54:31.630706+00');
INSERT INTO public.orderitems (orderitemid, orderid, serviceid, quantity, baseprice, createdat) VALUES ('8b1732bc-8f46-4c71-a5e9-093eae5337d5', '250325H5T9Q3', '28cdbeff-6c85-4135-8519-8df8bb0d2a3e', 2, 220000, '2025-03-25 09:15:21.656902+00');
INSERT INTO public.orderitems (orderitemid, orderid, serviceid, quantity, baseprice, createdat) VALUES ('42d9d0cd-3eb1-4b6d-bbb6-3a993951517a', '250325R2W6Y4', '28cdbeff-6c85-4135-8519-8df8bb0d2a3e', 2, 220000, '2025-03-25 09:27:40.696652+00');
INSERT INTO public.orderitems (orderitemid, orderid, serviceid, quantity, baseprice, createdat) VALUES ('9cb1f3f6-3abf-4ddf-a5a9-2d5401e32b0b', '250325T7X3M9', '28cdbeff-6c85-4135-8519-8df8bb0d2a3e', 1, 220000, '2025-03-25 11:23:49.346133+00');
INSERT INTO public.orderitems (orderitemid, orderid, serviceid, quantity, baseprice, createdat) VALUES ('8ae3cd24-af92-446f-8676-a8e6a8ce8037', '250325V4Y7H2', '28cdbeff-6c85-4135-8519-8df8bb0d2a3e', -2147483648, NULL, '2025-03-25 11:55:08.932087+00');
INSERT INTO public.orderitems (orderitemid, orderid, serviceid, quantity, baseprice, createdat) VALUES ('0dff32f9-6d7c-45c9-938a-423c5fc8697c', '250325W9Q3T6', '28cdbeff-6c85-4135-8519-8df8bb0d2a3e', 1, 220000, '2025-03-25 11:59:43.398121+00');
INSERT INTO public.orderitems (orderitemid, orderid, serviceid, quantity, baseprice, createdat) VALUES ('27b3fa9c-f332-40c4-a08b-71ac5fa27c82', '250325X2M8R5', '28cdbeff-6c85-4135-8519-8df8bb0d2a3e', 1, 220000, '2025-03-25 12:02:31.080676+00');
INSERT INTO public.orderitems (orderitemid, orderid, serviceid, quantity, baseprice, createdat) VALUES ('1f4920ee-a94a-415b-ba34-34b3a03950aa', '250325M4N8J5', '28cdbeff-6c85-4135-8519-8df8bb0d2a3e', 1, 220000, '2025-03-25 12:09:20.516464+00');
INSERT INTO public.orderitems (orderitemid, orderid, serviceid, quantity, baseprice, createdat) VALUES ('15c6a9bc-1f7b-403f-960f-bf9c4f1bee60', '250325Y6P1N4', '28cdbeff-6c85-4135-8519-8df8bb0d2a3e', 1, 220000, '2025-03-25 12:20:26.734383+00');
INSERT INTO public.orderitems (orderitemid, orderid, serviceid, quantity, baseprice, createdat) VALUES ('3bc2c951-6ba6-4a4f-9bb4-3ff5fb6b68cf', '250325Q3T7K9', '28cdbeff-6c85-4135-8519-8df8bb0d2a3e', 1, 220000, '2025-03-25 12:37:57.771103+00');
INSERT INTO public.orderitems (orderitemid, orderid, serviceid, quantity, baseprice, createdat) VALUES ('fdc1ed17-b548-407a-904e-9b75f64113dc', '250325M8R2W5', '28cdbeff-6c85-4135-8519-8df8bb0d2a3e', 1, 220000, '2025-03-25 12:39:27.726246+00');
INSERT INTO public.orderitems (orderitemid, orderid, serviceid, quantity, baseprice, createdat) VALUES ('40b82cae-c9c4-4469-9ec3-cc2ac8e5028e', '250325P1N6Y3', '28cdbeff-6c85-4135-8519-8df8bb0d2a3e', 1, 220000, '2025-03-25 12:41:42.386803+00');
INSERT INTO public.orderitems (orderitemid, orderid, serviceid, quantity, baseprice, createdat) VALUES ('560c88bb-2963-4914-b7d8-77f61439ff66', '250325T4K8H7', '28cdbeff-6c85-4135-8519-8df8bb0d2a3e', 1, 220000, '2025-03-25 12:42:22.148014+00');
INSERT INTO public.orderitems (orderitemid, orderid, serviceid, quantity, baseprice, createdat) VALUES ('be80b5f1-733b-4133-af23-7ba852cf0b87', '250325N9W2Q5', '0143c180-8270-4845-bc69-2d2213099b71', 1, 170000, '2025-03-25 15:26:41.080672+00');
INSERT INTO public.orderitems (orderitemid, orderid, serviceid, quantity, baseprice, createdat) VALUES ('ee4291c1-3735-40f5-a58f-297cf62a120a', '250325H3Y6T1', '0143c180-8270-4845-bc69-2d2213099b71', 2, 170000, '2025-03-25 15:31:40.634027+00');
INSERT INTO public.orderitems (orderitemid, orderid, serviceid, quantity, baseprice, createdat) VALUES ('9ba57a9e-3b3c-44ab-a6ac-7a5cb4841665', '250325K7P4M8', '0143c180-8270-4845-bc69-2d2213099b71', 2, 170000, '2025-03-25 15:33:17.224385+00');
INSERT INTO public.orderitems (orderitemid, orderid, serviceid, quantity, baseprice, createdat) VALUES ('540e162c-6d51-446e-b090-e8ed0c263d8d', '250325R2T9N5', '0143c180-8270-4845-bc69-2d2213099b71', 2, 170000, '2025-03-25 15:35:27.072312+00');
INSERT INTO public.orderitems (orderitemid, orderid, serviceid, quantity, baseprice, createdat) VALUES ('351b70c1-0200-4f79-abeb-77ab83c4f5f0', '250325W6Q3X8', '0143c180-8270-4845-bc69-2d2213099b71', 2147483647, NULL, '2025-03-25 15:58:41.255968+00');
INSERT INTO public.orderitems (orderitemid, orderid, serviceid, quantity, baseprice, createdat) VALUES ('a798e682-ce4f-482e-b167-2e728aa0dd58', '250325Y1M7H4', '0143c180-8270-4845-bc69-2d2213099b71', 1, 170000, '2025-03-25 15:59:34.211751+00');
INSERT INTO public.orderitems (orderitemid, orderid, serviceid, quantity, baseprice, createdat) VALUES ('ec2b08d3-5b2c-40ad-8d55-4e5d5fc17c77', '250325T5N2K9', '0143c180-8270-4845-bc69-2d2213099b71', 1, 170000, '2025-03-25 16:00:52.565495+00');
INSERT INTO public.orderitems (orderitemid, orderid, serviceid, quantity, baseprice, createdat) VALUES ('4749a48b-b523-4eb2-b97a-599c4f95fddd', '250329R9M5K2', 'ce7dfc07-eedf-4dd8-827c-776a64bc9680', 2, 40000, '2025-03-29 06:10:06.434009+00');
INSERT INTO public.orderitems (orderitemid, orderid, serviceid, quantity, baseprice, createdat) VALUES ('31204f02-83de-4a4b-aedb-8fadb31123f5', '250325P8W6R3', '0143c180-8270-4845-bc69-2d2213099b71', 2, 170000, '2025-03-25 16:01:28.210569+00');
INSERT INTO public.orderitems (orderitemid, orderid, serviceid, quantity, baseprice, createdat) VALUES ('89820df8-9647-4a3b-8a79-19dee720d54a', '250325Q2Y9T7', '0143c180-8270-4845-bc69-2d2213099b71', 3, 170000, '2025-03-25 17:07:25.127265+00');
INSERT INTO public.orderitems (orderitemid, orderid, serviceid, quantity, baseprice, createdat) VALUES ('788c23cb-c64e-4563-a1a9-004002ddca41', '250328Y5K9T2', 'e74dab47-fde3-48da-b39d-50313ca6e1d5', 3, 35000, '2025-03-28 17:39:51.129563+00');
INSERT INTO public.orderitems (orderitemid, orderid, serviceid, quantity, baseprice, createdat) VALUES ('579c326f-fb77-4617-9eff-c6dedc9ebffe', '250326M5H1N4', '0143c180-8270-4845-bc69-2d2213099b71', 1, 170000, '2025-03-26 10:40:04.63476+00');
INSERT INTO public.orderitems (orderitemid, orderid, serviceid, quantity, baseprice, createdat) VALUES ('32e75166-89e8-4e37-9bb2-d13f38a0c678', '250326N8K6P2', '0143c180-8270-4845-bc69-2d2213099b71', 2, 170000, '2025-03-26 10:49:49.888868+00');
INSERT INTO public.orderitems (orderitemid, orderid, serviceid, quantity, baseprice, createdat) VALUES ('e489783a-2162-41f9-99c4-7814f479e98c', '250326R3T7W9', '0143c180-8270-4845-bc69-2d2213099b71', 1, 170000, '2025-03-26 11:06:24.962822+00');
INSERT INTO public.orderitems (orderitemid, orderid, serviceid, quantity, baseprice, createdat) VALUES ('75beb0b6-7d92-40cb-a019-75d4d336921a', '250326W6Q1Y5', '0143c180-8270-4845-bc69-2d2213099b71', 1, 170000, '2025-03-26 16:11:10.345212+00');
INSERT INTO public.orderitems (orderitemid, orderid, serviceid, quantity, baseprice, createdat) VALUES ('a573d1ab-2265-425f-b060-8b759f3ebb1a', '250326Y9T4M2', '0143c180-8270-4845-bc69-2d2213099b71', 1, 170000, '2025-03-26 16:12:05.591554+00');
INSERT INTO public.orderitems (orderitemid, orderid, serviceid, quantity, baseprice, createdat) VALUES ('978ec8f8-ca66-463e-98fd-ea54645d4f39', '250328Y5K9T2', 'ce7dfc07-eedf-4dd8-827c-776a64bc9680', 1, 40000, '2025-03-28 17:23:30.978833+00');
INSERT INTO public.orderitems (orderitemid, orderid, serviceid, quantity, baseprice, createdat) VALUES ('e14c7bdd-c175-47b2-a94f-b86a92a16981', '250328Y5K9T2', 'e8ed31e8-0fcc-41e6-abb0-daeaee307489', 1, 35000, '2025-03-28 08:30:23.994549+00');
INSERT INTO public.orderitems (orderitemid, orderid, serviceid, quantity, baseprice, createdat) VALUES ('0927826c-7082-4088-967d-aa67be834142', '250328K5R3T1', '270a1a88-61c8-41ce-9303-bda6bd422f18', 9, 209000, '2025-03-26 17:52:03.138287+00');
INSERT INTO public.orderitems (orderitemid, orderid, serviceid, quantity, baseprice, createdat) VALUES ('4c2c5387-4ece-4f6d-929a-75aa4fe94746', '250328K5R3T1', '270a1a88-61c8-41ce-9303-bda6bd422f18', 7, 209000, '2025-03-25 14:38:17.165787+00');
INSERT INTO public.orderitems (orderitemid, orderid, serviceid, quantity, baseprice, createdat) VALUES ('8c4c0c02-62aa-4ac3-ae5d-3b775e4034bb', '250328K5R3T1', 'c55baff3-7cf5-4588-97e5-68deb7855609', 1, 15000, '2025-03-26 17:24:11.822575+00');
INSERT INTO public.orderitems (orderitemid, orderid, serviceid, quantity, baseprice, createdat) VALUES ('ecbb33c8-8e8c-483e-9f06-929dc0ffae2c', '250328K5R3T1', 'ce7dfc07-eedf-4dd8-827c-776a64bc9680', 2, 40000, '2025-03-26 17:21:50.53755+00');
INSERT INTO public.orderitems (orderitemid, orderid, serviceid, quantity, baseprice, createdat) VALUES ('31c0314e-c305-4538-911d-32d67a29ceb6', '250328P9W6Q4', 'ce7dfc07-eedf-4dd8-827c-776a64bc9680', 2, 40000, '2025-03-28 06:59:20.199299+00');
INSERT INTO public.orderitems (orderitemid, orderid, serviceid, quantity, baseprice, createdat) VALUES ('17756626-58ab-480b-a8b0-04dce0ecb34b', '250328T2Y8M7', '29581379-881e-4685-a480-9c038bb34985', 1, 75000, '2025-03-28 07:11:07.215168+00');
INSERT INTO public.orderitems (orderitemid, orderid, serviceid, quantity, baseprice, createdat) VALUES ('6ce1e93d-3149-40f6-8848-d145c269ae6b', '250328T2Y8M7', 'ba0b10dd-bff7-4825-bf75-f30b24eb9ee8', 1, 100000, '2025-03-28 07:10:13.178061+00');
INSERT INTO public.orderitems (orderitemid, orderid, serviceid, quantity, baseprice, createdat) VALUES ('b2384e08-3135-456a-823d-b62f142b1015', '250328T2Y8M7', 'ce7dfc07-eedf-4dd8-827c-776a64bc9680', 1, 40000, '2025-03-28 07:09:56.499016+00');
INSERT INTO public.orderitems (orderitemid, orderid, serviceid, quantity, baseprice, createdat) VALUES ('368aa2a4-c897-4a00-98e4-1a6444014c0f', '250328N6H1K3', 'ce7dfc07-eedf-4dd8-827c-776a64bc9680', 1, 40000, '2025-03-28 07:13:05.415139+00');
INSERT INTO public.orderitems (orderitemid, orderid, serviceid, quantity, baseprice, createdat) VALUES ('2ae7811d-2545-4459-b2d1-6bf4a3e3d50b', '250328Q3T7P9', '270a1a88-61c8-41ce-9303-bda6bd422f18', 1, 209000, '2025-03-28 07:14:13.329171+00');
INSERT INTO public.orderitems (orderitemid, orderid, serviceid, quantity, baseprice, createdat) VALUES ('a8d91930-f676-4205-bd47-64435fe0ba7a', '250328Q3T7P9', 'c9656dc9-4fe2-43c8-b6bb-f930cc12fc5e', 1, 139000, '2025-03-28 07:13:39.368965+00');
INSERT INTO public.orderitems (orderitemid, orderid, serviceid, quantity, baseprice, createdat) VALUES ('fc274173-0c54-48af-9e53-98867a7b15ca', '250328Q3T7P9', '270a1a88-61c8-41ce-9303-bda6bd422f18', 1, 209000, '2025-03-28 07:13:49.622877+00');
INSERT INTO public.orderitems (orderitemid, orderid, serviceid, quantity, baseprice, createdat) VALUES ('5459f7f4-0b4b-4ee9-af65-9624a408af98', '250328W8R2Y5', '270a1a88-61c8-41ce-9303-bda6bd422f18', 1, 209000, '2025-03-28 08:06:16.445529+00');
INSERT INTO public.orderitems (orderitemid, orderid, serviceid, quantity, baseprice, createdat) VALUES ('950eef8f-aa24-4552-afdc-5fcc72f0e48a', '250328W8R2Y5', '270a1a88-61c8-41ce-9303-bda6bd422f18', 1, 209000, '2025-03-28 08:06:20.530477+00');
INSERT INTO public.orderitems (orderitemid, orderid, serviceid, quantity, baseprice, createdat) VALUES ('5addc421-3321-4b28-adfc-1a313efc9e58', '250328M1N6H4', 'ce7dfc07-eedf-4dd8-827c-776a64bc9680', 1, 40000, '2025-03-28 08:18:53.146907+00');
INSERT INTO public.orderitems (orderitemid, orderid, serviceid, quantity, baseprice, createdat) VALUES ('b2a8aaa6-4956-4e48-ad28-112de7def2db', '250329N2Y7T8', 'c9656dc9-4fe2-43c8-b6bb-f930cc12fc5e', 1, 139000, '2025-03-29 06:13:14.294574+00');
INSERT INTO public.orderitems (orderitemid, orderid, serviceid, quantity, baseprice, createdat) VALUES ('e0d51f08-7abc-45ea-a00c-db0524f8a9f1', '250328H3P7W8', '270a1a88-61c8-41ce-9303-bda6bd422f18', 3, 209000, '2025-03-28 17:42:05.039975+00');
INSERT INTO public.orderitems (orderitemid, orderid, serviceid, quantity, baseprice, createdat) VALUES ('f0d2e127-d87a-43c3-a0f1-4d36ef69e118', '250328H3P7W8', '270a1a88-61c8-41ce-9303-bda6bd422f18', 1, 209000, '2025-03-28 17:41:49.437581+00');
INSERT INTO public.orderitems (orderitemid, orderid, serviceid, quantity, baseprice, createdat) VALUES ('629ddcdf-fa89-4e9a-9513-ef2e14523d0e', '250329P6H3W1', 'ce7dfc07-eedf-4dd8-827c-776a64bc9680', 1, 40000, '2025-03-29 06:16:13.504978+00');
INSERT INTO public.orderitems (orderitemid, orderid, serviceid, quantity, baseprice, createdat) VALUES ('17f504c7-f0ec-4af8-bcfa-8f49d0705d13', '250328T6Q1N4', '270a1a88-61c8-41ce-9303-bda6bd422f18', 2, 209000, '2025-03-28 18:12:10.011911+00');
INSERT INTO public.orderitems (orderitemid, orderid, serviceid, quantity, baseprice, createdat) VALUES ('8cb0be20-21eb-4e1e-81fa-af438c85c093', '250328T6Q1N4', '270a1a88-61c8-41ce-9303-bda6bd422f18', 2, 209000, '2025-03-28 18:17:30.284147+00');
INSERT INTO public.orderitems (orderitemid, orderid, serviceid, quantity, baseprice, createdat) VALUES ('8561dada-c5ea-4ce6-bec5-44f0f41a9a27', '250329K8T2Q5', 'cbbf83c4-463f-464e-8e4a-6b4cbbe4b70e', 1, 219000, '2025-03-29 06:30:35.905119+00');
INSERT INTO public.orderitems (orderitemid, orderid, serviceid, quantity, baseprice, createdat) VALUES ('f1d9aad6-bb9d-4041-a7da-5510dd408344', '250329W1N6R3', 'ce7dfc07-eedf-4dd8-827c-776a64bc9680', 1, 40000, '2025-03-29 06:35:44.413936+00');
INSERT INTO public.orderitems (orderitemid, orderid, serviceid, quantity, baseprice, createdat) VALUES ('86b02508-b103-46cc-9fe3-3b6b88420b60', '250329Y4M9H7', 'ce7dfc07-eedf-4dd8-827c-776a64bc9680', 1, 40000, '2025-03-29 17:32:55.890576+00');
INSERT INTO public.orderitems (orderitemid, orderid, serviceid, quantity, baseprice, createdat) VALUES ('4d6662c5-774c-4b90-a88d-4bb76c7e8835', '250329Q7K2T5', 'ce7dfc07-eedf-4dd8-827c-776a64bc9680', 1, 40000, '2025-03-29 17:33:23.544881+00');
INSERT INTO public.orderitems (orderitemid, orderid, serviceid, quantity, baseprice, createdat) VALUES ('bddf5b73-ec93-4eb7-82db-c53152540d99', '250329T3P8N1', 'c9656dc9-4fe2-43c8-b6bb-f930cc12fc5e', 1, 139000, '2025-03-29 17:36:43.364847+00');
INSERT INTO public.orderitems (orderitemid, orderid, serviceid, quantity, baseprice, createdat) VALUES ('d273a2d3-7e2d-435e-9fe0-8fad34f61c24', '250329H6W4Y9', 'c9656dc9-4fe2-43c8-b6bb-f930cc12fc5e', 1, 139000, '2025-03-29 17:38:08.655886+00');
INSERT INTO public.orderitems (orderitemid, orderid, serviceid, quantity, baseprice, createdat) VALUES ('77bad09d-b84d-44ce-ba15-c356cb549616', '250329R2Q7M5', 'c9656dc9-4fe2-43c8-b6bb-f930cc12fc5e', 1, 139000, '2025-03-29 17:39:31.021012+00');
INSERT INTO public.orderitems (orderitemid, orderid, serviceid, quantity, baseprice, createdat) VALUES ('c519a1a0-b4b1-4d2a-8e88-9dcfaa78846b', '250329N9T3K8', 'c9656dc9-4fe2-43c8-b6bb-f930cc12fc5e', 1, 139000, '2025-03-29 17:40:49.733804+00');
INSERT INTO public.orderitems (orderitemid, orderid, serviceid, quantity, baseprice, createdat) VALUES ('d4f1dd87-cb43-4671-96f2-e51a50d473b5', '250329P5H1W6', 'c9656dc9-4fe2-43c8-b6bb-f930cc12fc5e', 1, 139000, '2025-03-29 17:46:39.32663+00');
INSERT INTO public.orderitems (orderitemid, orderid, serviceid, quantity, baseprice, createdat) VALUES ('c95eb35f-1391-41eb-8ca5-fd30fdb74c90', '250330M7Y4T2', '270a1a88-61c8-41ce-9303-bda6bd422f18', 1, 209000, '2025-03-30 07:46:13.074478+00');
INSERT INTO public.orderitems (orderitemid, orderid, serviceid, quantity, baseprice, createdat) VALUES ('f5356760-0154-4d2f-8886-ab468ab35d0d', '250330M7Y4T2', '270a1a88-61c8-41ce-9303-bda6bd422f18', 1, 209000, '2025-03-30 07:46:06.172883+00');
INSERT INTO public.orderitems (orderitemid, orderid, serviceid, quantity, baseprice, createdat) VALUES ('205bd679-1384-4af2-96fb-46d87d760c32', '250330K3N8Q6', 'ce7dfc07-eedf-4dd8-827c-776a64bc9680', 10, 40000, '2025-03-30 08:42:36.667173+00');
INSERT INTO public.orderitems (orderitemid, orderid, serviceid, quantity, baseprice, createdat) VALUES ('8c6102bc-1c72-46a9-ac9c-9f279f603f4d', '250330W9T2H5', 'ce7dfc07-eedf-4dd8-827c-776a64bc9680', 1, 40000, '2025-03-30 13:41:27.382209+00');
INSERT INTO public.orderitems (orderitemid, orderid, serviceid, quantity, baseprice, createdat) VALUES ('2c96124d-5f6d-489a-835f-09d036815af5', '250331R6P1M3', 'c9656dc9-4fe2-43c8-b6bb-f930cc12fc5e', 1, 139000, '2025-03-30 16:31:55.673053+00');
INSERT INTO public.orderitems (orderitemid, orderid, serviceid, quantity, baseprice, createdat) VALUES ('6f103946-c0dc-4f92-bb85-8e93e531f8b8', '250402W6T1N5', 'ce7dfc07-eedf-4dd8-827c-776a64bc9680', 1, 40000, '2025-04-02 07:48:23.141045+00');
INSERT INTO public.orderitems (orderitemid, orderid, serviceid, quantity, baseprice, createdat) VALUES ('ebafba72-8a4e-4d8f-adde-62f0c92e7777', '250402T8K5N7', 'ce7dfc07-eedf-4dd8-827c-776a64bc9680', 1, 40000, '2025-04-02 08:26:44.380711+00');
INSERT INTO public.orderitems (orderitemid, orderid, serviceid, quantity, baseprice, createdat) VALUES ('8cbfad4e-59b8-4d52-b4e3-0d167d283e05', '250402H2Y9Q4', 'c9656dc9-4fe2-43c8-b6bb-f930cc12fc5e', 1, 139000, '2025-04-02 08:27:39.602741+00');
INSERT INTO public.orderitems (orderitemid, orderid, serviceid, quantity, baseprice, createdat) VALUES ('c263c82a-1989-47bd-8c8f-ebc2b5bb54a4', '250402N6W3T1', 'ce7dfc07-eedf-4dd8-827c-776a64bc9680', 10, 40000, '2025-04-02 08:37:29.229327+00');
INSERT INTO public.orderitems (orderitemid, orderid, serviceid, quantity, baseprice, createdat) VALUES ('f29aceef-f2bc-48d6-8a72-f626f857ef29', '250402P9M7K5', 'ce7dfc07-eedf-4dd8-827c-776a64bc9680', 1, 40000, '2025-04-02 08:45:28.823908+00');
INSERT INTO public.orderitems (orderitemid, orderid, serviceid, quantity, baseprice, createdat) VALUES ('24963c07-bcbd-4f2d-9aab-f0b57e55b7c3', '250402Q3T8H2', 'ce7dfc07-eedf-4dd8-827c-776a64bc9680', 1, 40000, '2025-04-02 08:47:52.658588+00');
INSERT INTO public.orderitems (orderitemid, orderid, serviceid, quantity, baseprice, createdat) VALUES ('fa575097-92c3-4985-863f-8ecda64b6d72', '250402Y5N1W6', 'ce7dfc07-eedf-4dd8-827c-776a64bc9680', 1, 40000, '2025-04-02 08:51:44.355091+00');
INSERT INTO public.orderitems (orderitemid, orderid, serviceid, quantity, baseprice, createdat) VALUES ('db95a07a-4cde-4e23-954c-b7feecfb8c56', '250402K7P4T9', 'ce7dfc07-eedf-4dd8-827c-776a64bc9680', 1, 40000, '2025-04-02 08:54:12.686522+00');
INSERT INTO public.orderitems (orderitemid, orderid, serviceid, quantity, baseprice, createdat) VALUES ('8dd846c0-ec25-4033-a65d-d3679b506859', '250402Y8H3T6', 'ce7dfc07-eedf-4dd8-827c-776a64bc9680', 1, 40000, '2025-04-02 08:54:42.47352+00');
INSERT INTO public.orderitems (orderitemid, orderid, serviceid, quantity, baseprice, createdat) VALUES ('94af3c89-af10-46d4-846d-570b89641bf0', '250402M2H8Q3', 'cbbf83c4-463f-464e-8e4a-6b4cbbe4b70e', 1, NULL, '2025-04-02 18:43:39.111242+00');
INSERT INTO public.orderitems (orderitemid, orderid, serviceid, quantity, baseprice, createdat) VALUES ('ee3a77f7-8802-463a-b055-6bf8e8b9fbb8', '250403T9K3Y7', 'ce7dfc07-eedf-4dd8-827c-776a64bc9680', 1, 40000, '2025-04-03 06:59:09.878474+00');
INSERT INTO public.orderitems (orderitemid, orderid, serviceid, quantity, baseprice, createdat) VALUES ('5f7c0c5c-c0e7-48d1-9469-2b1e7aa24017', '250403H5P8M2', 'ce7dfc07-eedf-4dd8-827c-776a64bc9680', 1, 40000, '2025-04-03 07:01:41.058828+00');
INSERT INTO public.orderitems (orderitemid, orderid, serviceid, quantity, baseprice, createdat) VALUES ('969d35d5-0cde-457c-9d40-5fe91ff9a210', '250403N1W6T4', 'ce7dfc07-eedf-4dd8-827c-776a64bc9680', 1, 40000, '2025-04-03 07:10:18.199023+00');
INSERT INTO public.orderitems (orderitemid, orderid, serviceid, quantity, baseprice, createdat) VALUES ('46324e5c-fdb1-491c-bc02-4b8aa8237dc8', '250403Q7Y2K9', 'ce7dfc07-eedf-4dd8-827c-776a64bc9680', 1, 40000, '2025-04-03 07:17:16.016137+00');
INSERT INTO public.orderitems (orderitemid, orderid, serviceid, quantity, baseprice, createdat) VALUES ('fa6350c1-388b-4aaa-a358-c527ca343837', '250403P3M8H6', 'ce7dfc07-eedf-4dd8-827c-776a64bc9680', 1, 40000, '2025-04-03 07:24:32.635716+00');
INSERT INTO public.orderitems (orderitemid, orderid, serviceid, quantity, baseprice, createdat) VALUES ('0c7dcbdc-eb39-4f52-b4df-33305f543e1f', '250403R9T5N1', 'ce7dfc07-eedf-4dd8-827c-776a64bc9680', 1, 40000, '2025-04-03 07:26:21.104419+00');
INSERT INTO public.orderitems (orderitemid, orderid, serviceid, quantity, baseprice, createdat) VALUES ('ca6707c1-d2f2-4d91-a93d-92c14685e606', '250403K2W7Q4', 'ce7dfc07-eedf-4dd8-827c-776a64bc9680', 5, 40000, '2025-04-03 08:45:26.223697+00');
INSERT INTO public.orderitems (orderitemid, orderid, serviceid, quantity, baseprice, createdat) VALUES ('28703a5e-7b3b-48e9-b199-d6f9702cab16', '250403M6P1N9', 'ce7dfc07-eedf-4dd8-827c-776a64bc9680', 1, 40000, '2025-04-03 14:10:42.620967+00');
INSERT INTO public.orderitems (orderitemid, orderid, serviceid, quantity, baseprice, createdat) VALUES ('b42321e4-56ce-4ec1-8605-129885233639', '250403H7T1N4', '49792678-5fc1-44ba-93cc-8aa52ea636be', 1, 80000, '2025-04-03 14:17:40.326359+00');
INSERT INTO public.orderitems (orderitemid, orderid, serviceid, quantity, baseprice, createdat) VALUES ('dc17efde-34f5-4368-8ad3-b71b7b410bd4', '250405P9M2W4', 'c9656dc9-4fe2-43c8-b6bb-f930cc12fc5e', 1, 139000, '2025-04-05 08:00:13.169261+00');
INSERT INTO public.orderitems (orderitemid, orderid, serviceid, quantity, baseprice, createdat) VALUES ('707b2579-c54f-43d2-b2c6-5c5095d64f64', '250405T6H8Q3', 'a6277138-3952-4313-a2c1-26abec65849b', 1, 139000, '2025-04-05 08:24:02.714647+00');
INSERT INTO public.orderitems (orderitemid, orderid, serviceid, quantity, baseprice, createdat) VALUES ('7cbc711a-5dc2-417f-9083-c9d907c08abd', '250404T4K8W2', '0b40aa19-b3c3-4b79-8a7b-977ee81a7254', 1, 550000, '2025-04-04 08:28:31.196167+00');
INSERT INTO public.orderitems (orderitemid, orderid, serviceid, quantity, baseprice, createdat) VALUES ('292922ef-a1a0-419d-b9d8-08967c252764', '250404N7Y3Q5', 'c9656dc9-4fe2-43c8-b6bb-f930cc12fc5e', 1, 139000, '2025-04-04 09:51:47.379312+00');
INSERT INTO public.orderitems (orderitemid, orderid, serviceid, quantity, baseprice, createdat) VALUES ('a52e9b46-63b9-447b-9f29-9bb996a7f17e', '250404W5T2K3', 'c9656dc9-4fe2-43c8-b6bb-f930cc12fc5e', 1, 139000, '2025-04-04 09:53:36.011779+00');
INSERT INTO public.orderitems (orderitemid, orderid, serviceid, quantity, baseprice, createdat) VALUES ('204dabba-cdee-4712-a99f-804b346e7843', '250405H1P9M6', '49792678-5fc1-44ba-93cc-8aa52ea636be', 1, 80000, '2025-04-05 09:07:15.060864+00');
INSERT INTO public.orderitems (orderitemid, orderid, serviceid, quantity, baseprice, createdat) VALUES ('506334f1-eb3e-4858-aaa9-8c10f73a0a35', '250405K3Y7T1', 'ce7dfc07-eedf-4dd8-827c-776a64bc9680', 1, 40000, '2025-04-05 09:12:54.684451+00');
INSERT INTO public.orderitems (orderitemid, orderid, serviceid, quantity, baseprice, createdat) VALUES ('920a40d0-c7eb-46f9-9641-c18ab120985e', '250405N2K5Y9', 'c9656dc9-4fe2-43c8-b6bb-f930cc12fc5e', 1, 139000, '2025-04-05 09:15:41.646609+00');
INSERT INTO public.orderitems (orderitemid, orderid, serviceid, quantity, baseprice, createdat) VALUES ('91a69ca8-c955-43dc-ae72-2a8d2e26c26d', '250405W7P1T6', '0143c180-8270-4845-bc69-2d2213099b71', 2, 170000, '2025-04-05 09:18:05.747424+00');
INSERT INTO public.orderitems (orderitemid, orderid, serviceid, quantity, baseprice, createdat) VALUES ('7c2d4108-5daf-48d9-aafc-c17ca1da7a8d', '250405Y3M8H2', 'c9656dc9-4fe2-43c8-b6bb-f930cc12fc5e', 1, 139000, '2025-04-05 09:20:36.288575+00');
INSERT INTO public.orderitems (orderitemid, orderid, serviceid, quantity, baseprice, createdat) VALUES ('f6430ebb-2c32-4bc9-b01e-0dc1d67f906f', '250405H6T9Q4', 'c9656dc9-4fe2-43c8-b6bb-f930cc12fc5e', 1, 139000, '2025-04-05 09:19:28.50714+00');
INSERT INTO public.orderitems (orderitemid, orderid, serviceid, quantity, baseprice, createdat) VALUES ('03b597d2-d582-4845-91f4-385128a938ac', '250405K1W3N7', 'c9656dc9-4fe2-43c8-b6bb-f930cc12fc5e', 1, 139000, '2025-04-05 09:23:53.957981+00');
INSERT INTO public.orderitems (orderitemid, orderid, serviceid, quantity, baseprice, createdat) VALUES ('6520fc21-74bc-43b6-8eb1-f63918d5d5c9', '250405P8Y6M2', '0143c180-8270-4845-bc69-2d2213099b71', 2, 170000, '2025-04-05 09:26:54.384688+00');
INSERT INTO public.orderitems (orderitemid, orderid, serviceid, quantity, baseprice, createdat) VALUES ('2314fa42-4c5a-4524-aee0-adc1209ddfa0', '250405Q9M3Y6', 'c9656dc9-4fe2-43c8-b6bb-f930cc12fc5e', 1, 139000, '2025-04-05 15:58:54.055679+00');
INSERT INTO public.orderitems (orderitemid, orderid, serviceid, quantity, baseprice, createdat) VALUES ('49965046-ea77-4df3-8225-9ed10d3d475b', '250405T4H9Q7', 'a19900d9-8148-45e0-87ee-58cc8dd139a1', 4, 639000, '2025-04-05 17:38:33.204874+00');
INSERT INTO public.orderitems (orderitemid, orderid, serviceid, quantity, baseprice, createdat) VALUES ('872b2fe1-9eec-40d6-a0cc-194400873ec5', '250405N2K5W1', 'ce7dfc07-eedf-4dd8-827c-776a64bc9680', 1, 40000, '2025-04-05 17:40:40.884483+00');
INSERT INTO public.orderitems (orderitemid, orderid, serviceid, quantity, baseprice, createdat) VALUES ('274fab9b-be5f-4638-85df-a265d5465070', '250405W6P8T3', 'ce7dfc07-eedf-4dd8-827c-776a64bc9680', 1, 40000, '2025-04-05 17:45:29.844108+00');
INSERT INTO public.orderitems (orderitemid, orderid, serviceid, quantity, baseprice, createdat) VALUES ('7968d1d8-64b2-4e10-8d05-399da4a54ca4', '250405Y3K8P2', '66c976a7-82b9-469e-b4f7-3a9cc555fd80', 1, 70000, '2025-04-05 17:46:25.858155+00');
INSERT INTO public.orderitems (orderitemid, orderid, serviceid, quantity, baseprice, createdat) VALUES ('ebe322a4-1806-4248-b605-d6e0dc739137', '250405T6W2M9', '49792678-5fc1-44ba-93cc-8aa52ea636be', 1, 80000, '2025-04-05 17:49:05.362015+00');
INSERT INTO public.orderitems (orderitemid, orderid, serviceid, quantity, baseprice, createdat) VALUES ('1c2a44b4-242a-491f-a852-620e34073f29', '250405P1N7H5', '49792678-5fc1-44ba-93cc-8aa52ea636be', 1, 80000, '2025-04-05 18:08:12.100724+00');
INSERT INTO public.orderitems (orderitemid, orderid, serviceid, quantity, baseprice, createdat) VALUES ('0bb82a2f-0cbc-408a-8603-09f44cefccef', '250405K8Q3T9', '49792678-5fc1-44ba-93cc-8aa52ea636be', 1, 80000, '2025-04-05 18:09:10.558517+00');
INSERT INTO public.orderitems (orderitemid, orderid, serviceid, quantity, baseprice, createdat) VALUES ('ac259b1e-43aa-4c35-a07f-7e89347ec99b', '250405M4Y6W2', '0143c180-8270-4845-bc69-2d2213099b71', 2, 170000, '2025-04-05 18:14:34.152955+00');
INSERT INTO public.orderitems (orderitemid, orderid, serviceid, quantity, baseprice, createdat) VALUES ('b773893d-e3f6-4b64-9c7b-a2f7f31e5750', '250405H9T2P7', '0143c180-8270-4845-bc69-2d2213099b71', 2, 170000, '2025-04-05 18:17:00.269087+00');
INSERT INTO public.orderitems (orderitemid, orderid, serviceid, quantity, baseprice, createdat) VALUES ('12b79766-02b6-488f-bace-ebc9591ad00c', '250406W2P9T6', 'c9656dc9-4fe2-43c8-b6bb-f930cc12fc5e', 1, 139000, '2025-04-06 06:43:06.756447+00');
INSERT INTO public.orderitems (orderitemid, orderid, serviceid, quantity, baseprice, createdat) VALUES ('5ce7e665-a112-44a5-acd1-aaec6d1e300c', '250406N5K8Q3', 'ba0b10dd-bff7-4825-bf75-f30b24eb9ee8', 1, 100000, '2025-04-06 06:57:03.459149+00');
INSERT INTO public.orderitems (orderitemid, orderid, serviceid, quantity, baseprice, createdat) VALUES ('69535851-64c9-47d7-b7eb-7fc71b4c2df0', '250406Y7M3H1', 'e5367362-24b3-4bc3-bf11-92db4a27a100', 1, 45000, '2025-04-06 12:24:19.135065+00');
INSERT INTO public.orderitems (orderitemid, orderid, serviceid, quantity, baseprice, createdat) VALUES ('f19978c2-551a-4080-a7bb-af484d0844f2', '250404Q8N6H7', '270a1a88-61c8-41ce-9303-bda6bd422f18', 3, 209000, '2025-04-04 17:27:30.693287+00');

----------------------
INSERT INTO public.orderextras (orderextraid, orderitemid, extraid, extraprice, createdat) VALUES ('0b1be027-9f3c-4b5b-9e66-5715895a9e12', '7c131291-b52e-4e47-a730-6c8bbb822976', '0b7f1ed2-c830-4177-a4c6-06ca07fb417b', 70000, '2025-03-22 15:37:46.336896+00');
INSERT INTO public.orderextras (orderextraid, orderitemid, extraid, extraprice, createdat) VALUES ('109d8e64-c092-4863-8d32-56c5cde200b7', '268454fe-a343-4636-9711-1c086548ec86', 'd5d6f46a-f320-4713-aad1-01624e19345a', 70000, '2025-03-22 15:36:36.022342+00');
INSERT INTO public.orderextras (orderextraid, orderitemid, extraid, extraprice, createdat) VALUES ('6da5f5f0-dd51-4c2a-8050-1d1ee7dba307', '7c131291-b52e-4e47-a730-6c8bbb822976', '77ed5314-6dbb-40f5-9b16-ed32a70436b6', 150000, '2025-03-22 15:37:46.336896+00');
INSERT INTO public.orderextras (orderextraid, orderitemid, extraid, extraprice, createdat) VALUES ('765cab71-be16-46b5-adc3-aeeead2f37ff', '268454fe-a343-4636-9711-1c086548ec86', '77ed5314-6dbb-40f5-9b16-ed32a70436b6', 150000, '2025-03-22 15:36:36.022342+00');
INSERT INTO public.orderextras (orderextraid, orderitemid, extraid, extraprice, createdat) VALUES ('f2fb26d5-a158-434d-bcc7-db47622ed905', '268454fe-a343-4636-9711-1c086548ec86', '0b7f1ed2-c830-4177-a4c6-06ca07fb417b', 70000, '2025-03-22 15:36:36.022342+00');
INSERT INTO public.orderextras (orderextraid, orderitemid, extraid, extraprice, createdat) VALUES ('1269ebb8-5629-4133-948c-5259978e95cf', '2ace2f83-277e-400b-913b-f521c715181a', 'e1bc05ab-a519-44ae-bcb7-4a03c6169fa1', 70000, '2025-03-23 17:07:24.073526+00');
INSERT INTO public.orderextras (orderextraid, orderitemid, extraid, extraprice, createdat) VALUES ('256640b2-0e0c-41e0-aeab-c419e1e0970d', 'fe2a4a2c-689d-4ce3-992d-ae87ccfb721e', '0b7f1ed2-c830-4177-a4c6-06ca07fb417b', 70000, '2025-03-24 12:43:04.067325+00');
INSERT INTO public.orderextras (orderextraid, orderitemid, extraid, extraprice, createdat) VALUES ('ef7ea3e5-a197-431e-8fdc-7ff7cc07ad73', 'f2a9f048-6ced-4fb9-a67d-2641ab67309f', '2d88740e-8a95-4ad8-b80d-45b72aabc76c', NULL, '2025-03-24 12:56:26.010126+00');
INSERT INTO public.orderextras (orderextraid, orderitemid, extraid, extraprice, createdat) VALUES ('3bea15dd-f54b-4d46-baa0-42b351eeb08c', 'f3d0b1a5-364e-4e40-abfb-6f4bc4afe28b', '2d88740e-8a95-4ad8-b80d-45b72aabc76c', 50000, '2025-03-24 13:01:27.515644+00');
INSERT INTO public.orderextras (orderextraid, orderitemid, extraid, extraprice, createdat) VALUES ('c403edc9-3de2-4d0b-9005-1885af4d6fe1', '101db1a3-1d5c-4d03-9a8b-b04e8b61275b', '0b7f1ed2-c830-4177-a4c6-06ca07fb417b', 70000, '2025-03-22 19:15:01.595973+00');
INSERT INTO public.orderextras (orderextraid, orderitemid, extraid, extraprice, createdat) VALUES ('b914bbda-239e-43af-9c70-f08ee3286636', '9e9460e5-7822-4a60-b567-ee17984ad705', 'a1bc491f-17a4-4355-9ebd-50f861b4ca9a', NULL, '2025-03-25 08:43:34.036869+00');
INSERT INTO public.orderextras (orderextraid, orderitemid, extraid, extraprice, createdat) VALUES ('707792e5-9321-4afb-866f-bd6dec57a305', '3ff40b0c-cb69-4acb-bd70-e66bb7656e49', '2d88740e-8a95-4ad8-b80d-45b72aabc76c', 50000, '2025-03-25 08:49:34.441962+00');
INSERT INTO public.orderextras (orderextraid, orderitemid, extraid, extraprice, createdat) VALUES ('f0d0a30f-eaa4-4658-8d82-444f4efff94b', 'a734b7ef-dc29-4344-88b2-29031723df5d', '2d88740e-8a95-4ad8-b80d-45b72aabc76c', 50000, '2025-03-25 08:54:31.630706+00');
INSERT INTO public.orderextras (orderextraid, orderitemid, extraid, extraprice, createdat) VALUES ('3d2076dc-0aa4-44ed-bb6d-d646a2b4285b', '8b1732bc-8f46-4c71-a5e9-093eae5337d5', '2d88740e-8a95-4ad8-b80d-45b72aabc76c', 50000, '2025-03-25 09:15:21.656902+00');
INSERT INTO public.orderextras (orderextraid, orderitemid, extraid, extraprice, createdat) VALUES ('d132a281-ee54-4812-abc4-3468dbe49b0a', '42d9d0cd-3eb1-4b6d-bbb6-3a993951517a', '2d88740e-8a95-4ad8-b80d-45b72aabc76c', 50000, '2025-03-25 09:27:40.696652+00');
INSERT INTO public.orderextras (orderextraid, orderitemid, extraid, extraprice, createdat) VALUES ('a7405acf-e778-449f-9765-32a80e7f9657', '9cb1f3f6-3abf-4ddf-a5a9-2d5401e32b0b', '2d88740e-8a95-4ad8-b80d-45b72aabc76c', 50000, '2025-03-25 11:23:49.346133+00');
INSERT INTO public.orderextras (orderextraid, orderitemid, extraid, extraprice, createdat) VALUES ('ccad4f13-bb1f-4c21-a4b9-5e1b56e6fd23', '8ae3cd24-af92-446f-8676-a8e6a8ce8037', '2d88740e-8a95-4ad8-b80d-45b72aabc76c', NULL, '2025-03-25 11:55:08.932087+00');
INSERT INTO public.orderextras (orderextraid, orderitemid, extraid, extraprice, createdat) VALUES ('aa17bc29-45ef-469f-b562-a2d37b21954b', '0dff32f9-6d7c-45c9-938a-423c5fc8697c', '2d88740e-8a95-4ad8-b80d-45b72aabc76c', 50000, '2025-03-25 11:59:43.398121+00');
INSERT INTO public.orderextras (orderextraid, orderitemid, extraid, extraprice, createdat) VALUES ('9041042d-0dd8-42d8-ba5f-2ca71adcde19', '27b3fa9c-f332-40c4-a08b-71ac5fa27c82', '2d88740e-8a95-4ad8-b80d-45b72aabc76c', 50000, '2025-03-25 12:02:31.080676+00');
INSERT INTO public.orderextras (orderextraid, orderitemid, extraid, extraprice, createdat) VALUES ('7b30ec39-2a49-4861-9592-a5dd071c991b', '1f4920ee-a94a-415b-ba34-34b3a03950aa', '2d88740e-8a95-4ad8-b80d-45b72aabc76c', 50000, '2025-03-25 12:09:20.516464+00');
INSERT INTO public.orderextras (orderextraid, orderitemid, extraid, extraprice, createdat) VALUES ('a14832b7-ada7-470a-b371-9243bb44e83c', '15c6a9bc-1f7b-403f-960f-bf9c4f1bee60', '2d88740e-8a95-4ad8-b80d-45b72aabc76c', 50000, '2025-03-25 12:20:26.734383+00');
INSERT INTO public.orderextras (orderextraid, orderitemid, extraid, extraprice, createdat) VALUES ('40bfd7e7-ce92-4f30-9de9-6b5c1802de05', '3bc2c951-6ba6-4a4f-9bb4-3ff5fb6b68cf', '2d88740e-8a95-4ad8-b80d-45b72aabc76c', 50000, '2025-03-25 12:37:57.771103+00');
INSERT INTO public.orderextras (orderextraid, orderitemid, extraid, extraprice, createdat) VALUES ('ffd54927-47cd-4776-b3bc-e1a0d9acaa59', 'fdc1ed17-b548-407a-904e-9b75f64113dc', '2d88740e-8a95-4ad8-b80d-45b72aabc76c', 50000, '2025-03-25 12:39:27.726246+00');
INSERT INTO public.orderextras (orderextraid, orderitemid, extraid, extraprice, createdat) VALUES ('9f25f957-05f0-48db-88c6-4e370fe5c725', '40b82cae-c9c4-4469-9ec3-cc2ac8e5028e', '2d88740e-8a95-4ad8-b80d-45b72aabc76c', 50000, '2025-03-25 12:41:42.386803+00');
INSERT INTO public.orderextras (orderextraid, orderitemid, extraid, extraprice, createdat) VALUES ('1988e88f-93fe-45eb-a683-dcbc1b9ccd93', '560c88bb-2963-4914-b7d8-77f61439ff66', '2d88740e-8a95-4ad8-b80d-45b72aabc76c', 50000, '2025-03-25 12:42:22.148014+00');
INSERT INTO public.orderextras (orderextraid, orderitemid, extraid, extraprice, createdat) VALUES ('4a683f09-13aa-4c1a-8ccd-305653dc2b04', '0927826c-7082-4088-967d-aa67be834142', 'e1bc05ab-a519-44ae-bcb7-4a03c6169fa1', 70000, '2025-03-26 17:52:03.138287+00');
INSERT INTO public.orderextras (orderextraid, orderitemid, extraid, extraprice, createdat) VALUES ('19ee4ad3-d53a-48cf-9248-268b25a1ef81', '2ae7811d-2545-4459-b2d1-6bf4a3e3d50b', 'e1bc05ab-a519-44ae-bcb7-4a03c6169fa1', 70000, '2025-03-28 07:14:13.329171+00');
INSERT INTO public.orderextras (orderextraid, orderitemid, extraid, extraprice, createdat) VALUES ('519342e3-1c8b-4552-97e5-5b0639d3f7ae', '950eef8f-aa24-4552-afdc-5fcc72f0e48a', 'e1bc05ab-a519-44ae-bcb7-4a03c6169fa1', 70000, '2025-03-28 08:06:20.530477+00');
INSERT INTO public.orderextras (orderextraid, orderitemid, extraid, extraprice, createdat) VALUES ('503471a6-e9a7-4af1-b330-05855cb5c2f4', 'e0d51f08-7abc-45ea-a00c-db0524f8a9f1', 'e1bc05ab-a519-44ae-bcb7-4a03c6169fa1', 70000, '2025-03-28 17:42:05.039975+00');
INSERT INTO public.orderextras (orderextraid, orderitemid, extraid, extraprice, createdat) VALUES ('94851c24-4fb7-450c-a71f-1e73229f5e07', '17f504c7-f0ec-4af8-bcfa-8f49d0705d13', 'e1bc05ab-a519-44ae-bcb7-4a03c6169fa1', 70000, '2025-03-28 18:12:10.011911+00');
INSERT INTO public.orderextras (orderextraid, orderitemid, extraid, extraprice, createdat) VALUES ('4003849a-68a3-4a20-ac25-3add95929a20', 'f5356760-0154-4d2f-8886-ab468ab35d0d', 'e1bc05ab-a519-44ae-bcb7-4a03c6169fa1', 70000, '2025-03-30 07:46:06.172883+00');

----------------------
INSERT INTO public.orderassignmenthistory (assignmentid, orderid, assignedto, assignedat, status, declinereason, completedat) VALUES ('0531c01d-2481-4ca6-8be3-9b9623d550d0', '250402W6T1N5', 'be11205a-747c-42ca-b969-f5b33a7c92ab', '2025-04-02 20:33:13.124415+00', 'SUCCESS', NULL, '2025-04-02 21:01:24.237969+00');
INSERT INTO public.orderassignmenthistory (assignmentid, orderid, assignedto, assignedat, status, declinereason, completedat) VALUES ('85bd9a4f-2da6-423c-b44c-10722433c3d7', '250403H7T1N4', '9124ca24-9256-4316-9388-6b841faca476', '2025-04-03 18:03:36.671166+00', 'FAIL', 'Hủy bởi hệ thống. Hết thời gian xử lý đơn hàng.', '2025-04-03 18:17:25.06337+00');
INSERT INTO public.orderassignmenthistory (assignmentid, orderid, assignedto, assignedat, status, declinereason, completedat) VALUES ('18ac9e27-e91f-4bdd-bf08-446270b0b47b', '250403M6P1N9', '9124ca24-9256-4316-9388-6b841faca476', '2025-04-03 18:06:00.171872+00', 'FAIL', 'Hủy bởi hệ thống. Hết thời gian xử lý đơn hàng.', '2025-04-03 18:26:04.926453+00');
INSERT INTO public.orderassignmenthistory (assignmentid, orderid, assignedto, assignedat, status, declinereason, completedat) VALUES ('b6ad391a-e73a-4b8c-9cb9-d11553e9a68e', '250403P3M8H6', '9124ca24-9256-4316-9388-6b841faca476', '2025-04-03 18:06:10.581094+00', 'FAIL', 'Hủy bởi hệ thống. Hết thời gian xử lý đơn hàng.', '2025-04-03 18:26:04.926586+00');
INSERT INTO public.orderassignmenthistory (assignmentid, orderid, assignedto, assignedat, status, declinereason, completedat) VALUES ('3dad1eac-36e6-4c5b-aff6-4c6995e506af', '250403H7T1N4', '9124ca24-9256-4316-9388-6b841faca476', '2025-04-03 18:31:45.091788+00', 'FAIL', 'Hủy bởi hệ thống. Hết thời gian xử lý đơn hàng.', '2025-04-03 19:04:42.739224+00');
INSERT INTO public.orderassignmenthistory (assignmentid, orderid, assignedto, assignedat, status, declinereason, completedat) VALUES ('b2c61a97-a543-4ed2-812e-454ca2bf8c20', '250403P3M8H6', '9124ca24-9256-4316-9388-6b841faca476', '2025-04-03 18:31:50.345773+00', 'FAIL', 'Hủy bởi hệ thống. Hết thời gian xử lý đơn hàng.', '2025-04-03 19:04:42.739224+00');
INSERT INTO public.orderassignmenthistory (assignmentid, orderid, assignedto, assignedat, status, declinereason, completedat) VALUES ('0305a92e-2089-42f3-b899-c48d3cc759e9', '250402Y8H3T6', '9124ca24-9256-4316-9388-6b841faca476', '2025-04-04 02:16:04.324345+00', 'FAIL', 'Hủy bởi hệ thống. Hết thời gian xử lý đơn hàng.', '2025-04-04 02:49:15.981601+00');
INSERT INTO public.orderassignmenthistory (assignmentid, orderid, assignedto, assignedat, status, declinereason, completedat) VALUES ('56e34407-9ce0-47ed-8213-8abb273a1226', '250402Y8H3T6', '9124ca24-9256-4316-9388-6b841faca476', '2025-04-04 03:17:34.207184+00', 'SUCCESS', NULL, '2025-04-04 03:18:08.843388+00');
INSERT INTO public.orderassignmenthistory (assignmentid, orderid, assignedto, assignedat, status, declinereason, completedat) VALUES ('d6735749-3aff-4afe-af3a-c0753d8407f1', '250404T4K8W2', '9124ca24-9256-4316-9388-6b841faca476', '2025-04-04 10:49:56.9201+00', 'SUCCESS', NULL, '2025-04-04 10:50:53.056806+00');
INSERT INTO public.orderassignmenthistory (assignmentid, orderid, assignedto, assignedat, status, declinereason, completedat) VALUES ('7231592e-14d8-4110-a94a-44fec94c1d41', '250404N7Y3Q5', '9124ca24-9256-4316-9388-6b841faca476', '2025-04-04 10:56:49.570178+00', 'SUCCESS', NULL, '2025-04-04 10:57:10.933974+00');
INSERT INTO public.orderassignmenthistory (assignmentid, orderid, assignedto, assignedat, status, declinereason, completedat) VALUES ('94e35cd7-a7d2-43bb-8662-9dbf1f1cd546', '250404W5T2K3', '9124ca24-9256-4316-9388-6b841faca476', '2025-04-04 14:15:42.684377+00', 'SUCCESS', NULL, '2025-04-04 14:18:50.197394+00');
INSERT INTO public.orderassignmenthistory (assignmentid, orderid, assignedto, assignedat, status, declinereason, completedat) VALUES ('7ed47d51-1e8e-4c92-83bd-0396a9c1525d', '250404Q8N6H7', '9124ca24-9256-4316-9388-6b841faca476', '2025-04-05 03:22:34.02758+00', 'FAIL', 'Hủy bởi hệ thống. Hết thời gian xử lý đơn hàng.', '2025-04-05 03:53:10.754118+00');
INSERT INTO public.orderassignmenthistory (assignmentid, orderid, assignedto, assignedat, status, declinereason, completedat) VALUES ('4fbf4ee0-05ff-466e-9b57-bc057f1d4795', '250403M6P1N9', '9124ca24-9256-4316-9388-6b841faca476', '2025-04-05 03:25:11.565078+00', 'FAIL', 'Hủy bởi hệ thống. Hết thời gian xử lý đơn hàng.', '2025-04-05 03:56:10.767783+00');
INSERT INTO public.orderassignmenthistory (assignmentid, orderid, assignedto, assignedat, status, declinereason, completedat) VALUES ('f1822bf2-b26a-4924-887c-fc394e2cbba6', '250403H7T1N4', '9124ca24-9256-4316-9388-6b841faca476', '2025-04-05 03:24:59.434904+00', 'FAIL', 'Hủy bởi hệ thống. Hết thời gian xử lý đơn hàng.', '2025-04-05 03:56:10.767783+00');
INSERT INTO public.orderassignmenthistory (assignmentid, orderid, assignedto, assignedat, status, declinereason, completedat) VALUES ('09e20c17-dfbd-4bf4-a517-7d5a5956415a', '250403K2W7Q4', '9124ca24-9256-4316-9388-6b841faca476', '2025-04-05 03:31:16.09544+00', 'FAIL', 'Hủy bởi hệ thống. Hết thời gian xử lý đơn hàng.', '2025-04-05 04:02:10.775344+00');
INSERT INTO public.orderassignmenthistory (assignmentid, orderid, assignedto, assignedat, status, declinereason, completedat) VALUES ('127087bb-2e99-4942-9859-69ed9d27af0f', '250404Q8N6H7', '9124ca24-9256-4316-9388-6b841faca476', '2025-04-05 03:58:28.570608+00', 'FAIL', 'Hủy bởi hệ thống. Hết thời gian xử lý đơn hàng.', '2025-04-05 04:29:10.946351+00');
INSERT INTO public.orderassignmenthistory (assignmentid, orderid, assignedto, assignedat, status, declinereason, completedat) VALUES ('fdb2d6d4-6740-492b-86c7-6b4b1b5ab053', '250404Q8N6H7', '9124ca24-9256-4316-9388-6b841faca476', '2025-04-05 04:41:15.679031+00', 'SUCCESS', NULL, '2025-04-05 04:41:26.842031+00');
INSERT INTO public.orderassignmenthistory (assignmentid, orderid, assignedto, assignedat, status, declinereason, completedat) VALUES ('1bde007a-0aa9-4cc0-8a7a-02b46718d308', '250405H9T2P7', '9124ca24-9256-4316-9388-6b841faca476', '2025-04-06 13:47:50.980194+00', 'FAIL', 'Hủy bởi hệ thống. Hết thời gian xử lý đơn hàng.', '2025-04-06 16:07:43.762466+00');
INSERT INTO public.orderassignmenthistory (assignmentid, orderid, assignedto, assignedat, status, declinereason, completedat) VALUES ('79bbd5cc-6a94-47f2-9355-0d5d0eed7abd', '250403R9T5N1', '9124ca24-9256-4316-9388-6b841faca476', '2025-04-05 04:52:57.491302+00', 'SUCCESS', NULL, '2025-04-05 04:53:47.301658+00');
INSERT INTO public.orderassignmenthistory (assignmentid, orderid, assignedto, assignedat, status, declinereason, completedat) VALUES ('0fda6ead-960d-4268-a9e3-96d2385a2998', '250403P3M8H6', '9124ca24-9256-4316-9388-6b841faca476', '2025-04-05 04:54:51.997673+00', 'SUCCESS', 'Khách có việc bận', '2025-04-05 04:55:03.47577+00');
INSERT INTO public.orderassignmenthistory (assignmentid, orderid, assignedto, assignedat, status, declinereason, completedat) VALUES ('3b40886b-3f93-4e05-bd43-b0c2bc6809df', '250403K2W7Q4', '9124ca24-9256-4316-9388-6b841faca476', '2025-04-05 04:51:18.868643+00', 'FAIL', 'Hủy bởi hệ thống. Hết thời gian xử lý đơn hàng.', '2025-04-05 05:23:11.408219+00');
INSERT INTO public.orderassignmenthistory (assignmentid, orderid, assignedto, assignedat, status, declinereason, completedat) VALUES ('5968d00b-a589-4c50-b1d3-5306e876d897', '250405P9M2W4', '9124ca24-9256-4316-9388-6b841faca476', '2025-04-05 08:09:44.626886+00', 'SUCCESS', NULL, '2025-04-05 08:09:50.265132+00');
INSERT INTO public.orderassignmenthistory (assignmentid, orderid, assignedto, assignedat, status, declinereason, completedat) VALUES ('20db464e-5d98-44ba-972d-afd40a2e075b', '250405T6H8Q3', '9124ca24-9256-4316-9388-6b841faca476', '2025-04-05 08:41:23.815704+00', 'SUCCESS', NULL, '2025-04-05 08:41:36.549002+00');
INSERT INTO public.orderassignmenthistory (assignmentid, orderid, assignedto, assignedat, status, declinereason, completedat) VALUES ('e82ce06a-f762-4aa2-8fdd-e63471b12602', '250405H1P9M6', '9124ca24-9256-4316-9388-6b841faca476', '2025-04-05 09:10:17.056661+00', 'SUCCESS', NULL, '2025-04-05 09:10:30.023394+00');
INSERT INTO public.orderassignmenthistory (assignmentid, orderid, assignedto, assignedat, status, declinereason, completedat) VALUES ('3b20c986-f25c-43f1-babc-b23a1c993bc0', '250405P8Y6M2', '9124ca24-9256-4316-9388-6b841faca476', '2025-04-05 09:29:13.79185+00', 'SUCCESS', NULL, '2025-04-05 09:29:20.284503+00');
INSERT INTO public.orderassignmenthistory (assignmentid, orderid, assignedto, assignedat, status, declinereason, completedat) VALUES ('b09bf882-8eef-46ac-96f9-f7dac3cf76c5', '250405Q9M3Y6', '9124ca24-9256-4316-9388-6b841faca476', '2025-04-06 06:25:30.987801+00', 'SUCCESS', NULL, '2025-04-06 06:25:50.423491+00');
INSERT INTO public.orderassignmenthistory (assignmentid, orderid, assignedto, assignedat, status, declinereason, completedat) VALUES ('a73cb8cf-09d3-4532-8b5a-877b0a66a2eb', '250406N5K8Q3', '9124ca24-9256-4316-9388-6b841faca476', '2025-04-06 07:02:24.903842+00', 'SUCCESS', NULL, '2025-04-06 07:05:33.802783+00');
INSERT INTO public.orderassignmenthistory (assignmentid, orderid, assignedto, assignedat, status, declinereason, completedat) VALUES ('a58a5824-bb36-49bf-be48-7a6279a71b3f', '250406W2P9T6', '9124ca24-9256-4316-9388-6b841faca476', '2025-04-06 07:09:59.289023+00', 'SUCCESS', 'hay do khach hang ban', '2025-04-06 07:10:09.069872+00');
INSERT INTO public.orderassignmenthistory (assignmentid, orderid, assignedto, assignedat, status, declinereason, completedat) VALUES ('bd054994-1be8-4ffc-8386-7908ee6378ec', '250406W2P9T6', '9124ca24-9256-4316-9388-6b841faca476', '2025-04-06 12:15:51.198688+00', 'SUCCESS', NULL, '2025-04-06 12:16:58.15673+00');
INSERT INTO public.orderassignmenthistory (assignmentid, orderid, assignedto, assignedat, status, declinereason, completedat) VALUES ('a867c0e9-07d3-459e-a4f3-2a2ca5328ee6', '250406Y7M3H1', '9124ca24-9256-4316-9388-6b841faca476', '2025-04-06 12:25:27.934463+00', 'SUCCESS', NULL, '2025-04-06 12:25:37.194884+00');
INSERT INTO public.orderassignmenthistory (assignmentid, orderid, assignedto, assignedat, status, declinereason, completedat) VALUES ('0141d8d7-1448-479c-a664-a5f70da65a4b', '250403M6P1N9', '9124ca24-9256-4316-9388-6b841faca476', '2025-04-05 04:00:51.168863+00', 'FAIL', 'Hủy bởi hệ thống. Hết thời gian xử lý đơn hàng.', '2025-04-06 17:01:48.740921+00');
INSERT INTO public.orderassignmenthistory (assignmentid, orderid, assignedto, assignedat, status, declinereason, completedat) VALUES ('00d7d11d-2770-41da-9008-6769dd3063af', '250403H7T1N4', 'a7f03669-a263-47e5-b61b-58957b34dd4e', '2025-04-05 03:59:37.792661+00', 'RECEIVED', NULL, '2025-04-06 17:17:54.422735+00');

----------------------
INSERT INTO public.notifications (notificationid, userid, title, message, notificationtype, isread, customerid, orderid, createdat, ispushenabled) VALUES ('9d1ba39e-a6a2-428a-b23f-946abcef2a9b', 'db1b8554-4614-4867-bf67-0fc1a51365b7', 'Thông báo đặt hàng', 'Bạn đã đặt hàng thành công. Vui lòng chờ nhân viên liên hệ.', 'OrderPlaced', true, NULL, '250404N7Y3Q5', '2025-04-04 09:52:09.083873+00', true);
INSERT INTO public.notifications (notificationid, userid, title, message, notificationtype, isread, customerid, orderid, createdat, ispushenabled) VALUES ('ff2e547a-2261-4657-bd90-7cbf343525b9', 'db1b8554-4614-4867-bf67-0fc1a51365b7', 'Thông báo đặt hàng', 'Bạn đã đặt hàng thành công. Vui lòng chờ nhân viên liên hệ.', 'OrderPlaced', true, NULL, '250403M6P1N9', '2025-04-03 14:10:55.684104+00', true);
INSERT INTO public.notifications (notificationid, userid, title, message, notificationtype, isread, customerid, orderid, createdat, ispushenabled) VALUES ('b5d30061-720c-43ed-a172-955a413430d3', 'db1b8554-4614-4867-bf67-0fc1a51365b7', 'Thông báo đặt hàng', 'Bạn đã đặt hàng thành công. Vui lòng chờ nhân viên liên hệ.', 'OrderPlaced', true, NULL, '250403H7T1N4', '2025-04-03 14:17:54.23404+00', true);
INSERT INTO public.notifications (notificationid, userid, title, message, notificationtype, isread, customerid, orderid, createdat, ispushenabled) VALUES ('02458829-97e4-48f0-989c-52af26c8daba', '0d3e0249-dc2b-461f-994d-2636de840097', 'Thông báo đặt hàng', 'Bạn đã đặt hàng thành công. Vui lòng chờ nhân viên liên hệ.', 'OrderPlaced', true, NULL, '250329P5H1W6', '2025-03-29 17:46:44.145011+00', true);
INSERT INTO public.notifications (notificationid, userid, title, message, notificationtype, isread, customerid, orderid, createdat, ispushenabled) VALUES ('9e2367f6-e836-4892-93f0-5b751b549380', '0d3e0249-dc2b-461f-994d-2636de840097', 'Thông báo đặt hàng', 'Bạn đã đặt hàng thành công. Vui lòng chờ nhân viên liên hệ.', 'OrderPlaced', true, NULL, '250329N9T3K8', '2025-03-29 17:41:09.0992+00', true);
INSERT INTO public.notifications (notificationid, userid, title, message, notificationtype, isread, customerid, orderid, createdat, ispushenabled) VALUES ('bd2f5f14-69aa-4921-be72-78f28a5936db', '0d3e0249-dc2b-461f-994d-2636de840097', 'Thông báo đặt hàng', 'Bạn đã đặt hàng thành công. Vui lòng chờ nhân viên liên hệ.', 'OrderPlaced', true, NULL, '250328Y5K9T2', '2025-03-28 17:40:47.041953+00', true);
INSERT INTO public.notifications (notificationid, userid, title, message, notificationtype, isread, customerid, orderid, createdat, ispushenabled) VALUES ('285624fd-af74-4d96-8f18-8f373735e586', '0d3e0249-dc2b-461f-994d-2636de840097', 'Thông báo đặt hàng', 'Bạn đã đặt hàng thành công. Vui lòng chờ nhân viên liên hệ.', 'OrderPlaced', true, NULL, '250328H3P7W8', '2025-03-28 17:59:26.305091+00', true);
INSERT INTO public.notifications (notificationid, userid, title, message, notificationtype, isread, customerid, orderid, createdat, ispushenabled) VALUES ('a60ccee5-d303-4bf8-9779-72caf6213545', '0d3e0249-dc2b-461f-994d-2636de840097', 'Thông báo đặt hàng', 'Bạn đã đặt hàng thành công. Vui lòng chờ nhân viên liên hệ.', 'OrderPlaced', true, NULL, '250328T6Q1N4', '2025-03-28 18:17:56.691885+00', true);
INSERT INTO public.notifications (notificationid, userid, title, message, notificationtype, isread, customerid, orderid, createdat, ispushenabled) VALUES ('2adbd7e7-90b6-45bd-b590-fa1a52fd44d2', '0d3e0249-dc2b-461f-994d-2636de840097', 'Thông báo đặt hàng', 'Bạn đã đặt hàng thành công. Vui lòng chờ nhân viên liên hệ.', 'OrderPlaced', true, NULL, '250329R9M5K2', '2025-03-29 06:10:53.018456+00', true);
INSERT INTO public.notifications (notificationid, userid, title, message, notificationtype, isread, customerid, orderid, createdat, ispushenabled) VALUES ('f68e5607-ba80-412a-b00d-f285da031493', '0d3e0249-dc2b-461f-994d-2636de840097', 'Thông báo đặt hàng', 'Bạn đã đặt hàng thành công. Vui lòng chờ nhân viên liên hệ.', 'OrderPlaced', true, NULL, '250329N2Y7T8', '2025-03-29 06:15:53.260353+00', true);
INSERT INTO public.notifications (notificationid, userid, title, message, notificationtype, isread, customerid, orderid, createdat, ispushenabled) VALUES ('0f827de9-6f33-4af3-a808-f91069221aeb', '0d3e0249-dc2b-461f-994d-2636de840097', 'Thông báo đặt hàng', 'Bạn đã đặt hàng thành công. Vui lòng chờ nhân viên liên hệ.', 'OrderPlaced', true, NULL, '250329Y4M9H7', '2025-03-29 17:33:04.114375+00', true);
INSERT INTO public.notifications (notificationid, userid, title, message, notificationtype, isread, customerid, orderid, createdat, ispushenabled) VALUES ('b006fca6-f722-431e-9ce0-76df169a88de', 'db1b8554-4614-4867-bf67-0fc1a51365b7', 'Thông báo đặt hàng', 'Bạn đã đặt hàng thành công. Vui lòng chờ nhân viên liên hệ.', 'OrderPlaced', true, NULL, '250402P9M7K5', '2025-04-02 08:47:12.358685+00', true);
INSERT INTO public.notifications (notificationid, userid, title, message, notificationtype, isread, customerid, orderid, createdat, ispushenabled) VALUES ('d122e89a-c07d-4f64-b420-9865071b3635', 'db1b8554-4614-4867-bf67-0fc1a51365b7', 'Thông báo đặt hàng', 'Bạn đã đặt hàng thành công. Vui lòng chờ nhân viên liên hệ.', 'OrderPlaced', true, NULL, '250402Q3T8H2', '2025-04-02 08:48:11.750255+00', true);
INSERT INTO public.notifications (notificationid, userid, title, message, notificationtype, isread, customerid, orderid, createdat, ispushenabled) VALUES ('a0b3d000-3eda-49bc-a8db-1434200f24d5', 'db1b8554-4614-4867-bf67-0fc1a51365b7', 'Thông báo đặt hàng', 'Bạn đã đặt hàng thành công. Vui lòng chờ nhân viên liên hệ.', 'OrderPlaced', true, NULL, '250402Y5N1W6', '2025-04-02 08:51:54.814556+00', true);
INSERT INTO public.notifications (notificationid, userid, title, message, notificationtype, isread, customerid, orderid, createdat, ispushenabled) VALUES ('a4ce31ae-6186-468e-bc74-d527d315fc90', 'db1b8554-4614-4867-bf67-0fc1a51365b7', 'Thông báo đặt hàng', 'Bạn đã đặt hàng thành công. Vui lòng chờ nhân viên liên hệ.', 'OrderPlaced', true, NULL, '250402Y8H3T6', '2025-04-02 08:54:47.613325+00', true);
INSERT INTO public.notifications (notificationid, userid, title, message, notificationtype, isread, customerid, orderid, createdat, ispushenabled) VALUES ('bc938d96-5936-4860-bf33-e42c024dd50a', 'db1b8554-4614-4867-bf67-0fc1a51365b7', 'Thông báo đặt hàng', 'Bạn đã đặt hàng thành công. Vui lòng chờ nhân viên liên hệ.', 'OrderPlaced', true, NULL, '250402K7P4T9', '2025-04-02 08:54:17.569901+00', true);
INSERT INTO public.notifications (notificationid, userid, title, message, notificationtype, isread, customerid, orderid, createdat, ispushenabled) VALUES ('2564dd60-cd27-4258-b6f1-d7142428393a', 'db1b8554-4614-4867-bf67-0fc1a51365b7', 'Thông báo đặt hàng', 'Bạn đã đặt hàng thành công. Vui lòng chờ nhân viên liên hệ.', 'OrderPlaced', true, NULL, '250403T9K3Y7', '2025-04-03 07:01:11.029551+00', true);
INSERT INTO public.notifications (notificationid, userid, title, message, notificationtype, isread, customerid, orderid, createdat, ispushenabled) VALUES ('860fa3c5-73ce-46f8-a1f1-16ef350db7a8', 'db1b8554-4614-4867-bf67-0fc1a51365b7', 'Thông báo đặt hàng', 'Bạn đã đặt hàng thành công. Vui lòng chờ nhân viên liên hệ.', 'OrderPlaced', true, NULL, '250403H5P8M2', '2025-04-03 07:02:37.681193+00', true);
INSERT INTO public.notifications (notificationid, userid, title, message, notificationtype, isread, customerid, orderid, createdat, ispushenabled) VALUES ('9948331c-6ab6-4513-af50-6d5f016a2e13', 'db1b8554-4614-4867-bf67-0fc1a51365b7', 'Thông báo đặt hàng', 'Bạn đã đặt hàng thành công. Vui lòng chờ nhân viên liên hệ.', 'OrderPlaced', true, NULL, '250403N1W6T4', '2025-04-03 07:10:40.237366+00', true);
INSERT INTO public.notifications (notificationid, userid, title, message, notificationtype, isread, customerid, orderid, createdat, ispushenabled) VALUES ('64a2ceaa-c044-498d-bb7f-116ca8eae45b', 'db1b8554-4614-4867-bf67-0fc1a51365b7', 'Thông báo đặt hàng', 'Bạn đã đặt hàng thành công. Vui lòng chờ nhân viên liên hệ.', 'OrderPlaced', true, NULL, '250403Q7Y2K9', '2025-04-03 07:19:01.742016+00', true);
INSERT INTO public.notifications (notificationid, userid, title, message, notificationtype, isread, customerid, orderid, createdat, ispushenabled) VALUES ('cd16d95c-d33e-4b9b-b500-1e47ff0fe5da', 'db1b8554-4614-4867-bf67-0fc1a51365b7', 'Thông báo đặt hàng', 'Bạn đã đặt hàng thành công. Vui lòng chờ nhân viên liên hệ.', 'OrderPlaced', true, NULL, '250403P3M8H6', '2025-04-03 07:25:03.115321+00', true);
INSERT INTO public.notifications (notificationid, userid, title, message, notificationtype, isread, customerid, orderid, createdat, ispushenabled) VALUES ('34b18f74-21c8-4930-bc98-36859e45eba2', 'db1b8554-4614-4867-bf67-0fc1a51365b7', 'Thông báo đặt hàng', 'Bạn đã đặt hàng thành công. Vui lòng chờ nhân viên liên hệ.', 'OrderPlaced', true, NULL, '250403R9T5N1', '2025-04-03 07:26:28.539541+00', true);
INSERT INTO public.notifications (notificationid, userid, title, message, notificationtype, isread, customerid, orderid, createdat, ispushenabled) VALUES ('0b8cd859-40ad-4331-9ccd-e27e2fbd6cf3', 'db1b8554-4614-4867-bf67-0fc1a51365b7', 'Thông báo đặt hàng', 'Bạn đã đặt hàng thành công. Vui lòng chờ nhân viên liên hệ.', 'OrderPlaced', true, NULL, '250403K2W7Q4', '2025-04-03 08:46:23.687153+00', true);
INSERT INTO public.notifications (notificationid, userid, title, message, notificationtype, isread, customerid, orderid, createdat, ispushenabled) VALUES ('f73aefd1-1683-4117-b089-211e525e850e', '0d3e0249-dc2b-461f-994d-2636de840097', 'Thông báo đặt hàng', 'Bạn đã đặt hàng thành công. Vui lòng chờ nhân viên liên hệ.', 'OrderPlaced', true, NULL, '250329R2Q7M5', '2025-03-29 17:39:47.975934+00', true);
INSERT INTO public.notifications (notificationid, userid, title, message, notificationtype, isread, customerid, orderid, createdat, ispushenabled) VALUES ('894c7633-607f-48cc-8b43-ef8d1e82655a', '0d3e0249-dc2b-461f-994d-2636de840097', 'Thông báo đặt hàng', 'Bạn đã đặt hàng thành công. Vui lòng chờ nhân viên liên hệ.', 'OrderPlaced', true, NULL, '250329H6W4Y9', '2025-03-29 17:38:44.362405+00', true);
INSERT INTO public.notifications (notificationid, userid, title, message, notificationtype, isread, customerid, orderid, createdat, ispushenabled) VALUES ('8fa39759-d819-4f00-9d7c-1f5bc48675ea', '0d3e0249-dc2b-461f-994d-2636de840097', 'Thông báo đặt hàng', 'Bạn đã đặt hàng thành công. Vui lòng chờ nhân viên liên hệ.', 'OrderPlaced', true, NULL, '250329T3P8N1', '2025-03-29 17:36:51.541226+00', true);
INSERT INTO public.notifications (notificationid, userid, title, message, notificationtype, isread, customerid, orderid, createdat, ispushenabled) VALUES ('5f9a893e-574d-4d56-8bef-ca1639359082', '0d3e0249-dc2b-461f-994d-2636de840097', 'Thông báo đặt hàng', 'Bạn đã đặt hàng thành công. Vui lòng chờ nhân viên liên hệ.', 'OrderPlaced', true, NULL, '250329Q7K2T5', '2025-03-29 17:33:47.825601+00', true);
INSERT INTO public.notifications (notificationid, userid, title, message, notificationtype, isread, customerid, orderid, createdat, ispushenabled) VALUES ('3142cf34-7411-4bd4-82f8-6b1c884aba7a', '0d3e0249-dc2b-461f-994d-2636de840097', 'Thông báo đặt hàng', 'Bạn đã đặt hàng thành công. Vui lòng chờ nhân viên liên hệ.', 'OrderPlaced', true, NULL, '250329P6H3W1', '2025-03-29 06:16:34.443795+00', true);
INSERT INTO public.notifications (notificationid, userid, title, message, notificationtype, isread, customerid, orderid, createdat, ispushenabled) VALUES ('cf4a6ba0-f9e6-4c37-95ec-104454f3b84a', 'db1b8554-4614-4867-bf67-0fc1a51365b7', 'Thông báo đặt hàng', 'Bạn đã đặt hàng thành công. Vui lòng chờ nhân viên liên hệ.', 'OrderPlaced', true, NULL, '250404W5T2K3', '2025-04-04 12:03:12.585487+00', true);
INSERT INTO public.notifications (notificationid, userid, title, message, notificationtype, isread, customerid, orderid, createdat, ispushenabled) VALUES ('fa95c5b8-0d6f-4515-bb1b-7d1940dd7f7a', 'db1b8554-4614-4867-bf67-0fc1a51365b7', 'Thông báo đặt hàng', 'Bạn đã đặt hàng thành công. Vui lòng chờ nhân viên liên hệ.', 'OrderPlaced', true, NULL, '250404Q8N6H7', '2025-04-04 17:53:22.541669+00', true);
INSERT INTO public.notifications (notificationid, userid, title, message, notificationtype, isread, customerid, orderid, createdat, ispushenabled) VALUES ('befccdb5-2c3e-4957-a7b4-f7312a1cdc58', '99505d8a-2682-4ed1-9b5f-962580ba72cb', 'Thông báo đặt hàng', 'Bạn đã đặt hàng thành công. Vui lòng chờ nhân viên liên hệ.', 'OrderPlaced', true, NULL, '250405P9M2W4', '2025-04-05 08:00:45.839224+00', true);
INSERT INTO public.notifications (notificationid, userid, title, message, notificationtype, isread, customerid, orderid, createdat, ispushenabled) VALUES ('fa3b1dc9-e6a7-4c70-8e49-8d6b4b040f1f', '99505d8a-2682-4ed1-9b5f-962580ba72cb', 'Thông báo đặt hàng', 'Bạn đã đặt hàng thành công. Vui lòng chờ nhân viên liên hệ.', 'OrderPlaced', true, NULL, '250405T6H8Q3', '2025-04-05 08:24:26.568315+00', true);
INSERT INTO public.notifications (notificationid, userid, title, message, notificationtype, isread, customerid, orderid, createdat, ispushenabled) VALUES ('4591204e-d7b4-41d3-80dd-3c56445b5f7e', '99505d8a-2682-4ed1-9b5f-962580ba72cb', 'Xác nhận đơn hàng', 'Đơn hàng của bạn đã được xác nhận thành công.', 'OrderConfirmed', true, NULL, '250405T6H8Q3', '2025-04-05 08:41:36.899474+00', true);
INSERT INTO public.notifications (notificationid, userid, title, message, notificationtype, isread, customerid, orderid, createdat, ispushenabled) VALUES ('81fc9a1b-238e-4b4f-9111-13e930fe9f95', '99505d8a-2682-4ed1-9b5f-962580ba72cb', 'Xác nhận đơn hàng', 'Đơn hàng của bạn đã được xác nhận thành công.', 'OrderConfirmed', true, NULL, '250405H1P9M6', '2025-04-05 09:10:30.049373+00', true);
INSERT INTO public.notifications (notificationid, userid, title, message, notificationtype, isread, customerid, orderid, createdat, ispushenabled) VALUES ('600bfc46-f7a9-4905-a2ba-75d2ee6db8c5', 'db1b8554-4614-4867-bf67-0fc1a51365b7', 'Thông báo đặt hàng', 'Bạn đã đặt hàng thành công. Vui lòng chờ nhân viên liên hệ.', 'OrderPlaced', true, NULL, '250405K3Y7T1', '2025-04-05 09:13:02.041868+00', true);
INSERT INTO public.notifications (notificationid, userid, title, message, notificationtype, isread, customerid, orderid, createdat, ispushenabled) VALUES ('b6a3def3-2f3e-47fc-a8f3-20a0cc83fe58', '99505d8a-2682-4ed1-9b5f-962580ba72cb', 'Thông báo đặt hàng', 'Bạn đã đặt hàng thành công. Vui lòng chờ nhân viên liên hệ.', 'OrderPlaced', true, NULL, '250405H1P9M6', '2025-04-05 09:07:44.81417+00', true);
INSERT INTO public.notifications (notificationid, userid, title, message, notificationtype, isread, customerid, orderid, createdat, ispushenabled) VALUES ('41652122-b7b7-4c25-b035-df26f68fb478', '99505d8a-2682-4ed1-9b5f-962580ba72cb', 'Thông báo đặt hàng', 'Bạn đã đặt hàng thành công. Vui lòng chờ nhân viên liên hệ.', 'OrderPlaced', true, NULL, '250405W7P1T6', '2025-04-05 09:19:29.087907+00', true);
INSERT INTO public.notifications (notificationid, userid, title, message, notificationtype, isread, customerid, orderid, createdat, ispushenabled) VALUES ('c1b51253-8391-42d9-8874-9e20913e5ebb', '99505d8a-2682-4ed1-9b5f-962580ba72cb', 'Thông báo đặt hàng', 'Bạn đã đặt hàng thành công. Vui lòng chờ nhân viên liên hệ.', 'OrderPlaced', true, NULL, '250405Y3M8H2', '2025-04-05 09:20:40.830413+00', true);
INSERT INTO public.notifications (notificationid, userid, title, message, notificationtype, isread, customerid, orderid, createdat, ispushenabled) VALUES ('5bbff09c-9ea7-4cd9-a16e-12bc4dadfad3', 'db1b8554-4614-4867-bf67-0fc1a51365b7', 'Thông báo đặt hàng', 'Bạn đã đặt hàng thành công. Vui lòng chờ nhân viên liên hệ.', 'OrderPlaced', true, NULL, '250405H6T9Q4', '2025-04-05 09:20:45.393104+00', true);
INSERT INTO public.notifications (notificationid, userid, title, message, notificationtype, isread, customerid, orderid, createdat, ispushenabled) VALUES ('2e3293d5-00c3-43bf-b56e-039d933c6d22', 'db1b8554-4614-4867-bf67-0fc1a51365b7', 'Thông báo đặt hàng', 'Bạn đã đặt hàng thành công. Vui lòng chờ nhân viên liên hệ.', 'OrderPlaced', true, NULL, '250405N2K5Y9', '2025-04-05 09:17:02.39356+00', true);
INSERT INTO public.notifications (notificationid, userid, title, message, notificationtype, isread, customerid, orderid, createdat, ispushenabled) VALUES ('3163dbbc-19de-4bba-b0f9-ff1537a7e603', 'db1b8554-4614-4867-bf67-0fc1a51365b7', 'Thông báo đặt hàng', 'Bạn đã đặt hàng thành công. Vui lòng chờ nhân viên liên hệ.', 'OrderPlaced', true, NULL, '250405K1W3N7', '2025-04-05 09:24:22.038872+00', true);
INSERT INTO public.notifications (notificationid, userid, title, message, notificationtype, isread, customerid, orderid, createdat, ispushenabled) VALUES ('7c6dbae4-8500-427f-b1f4-3d6d7f32c112', 'db1b8554-4614-4867-bf67-0fc1a51365b7', 'Thông báo đặt hàng', 'Bạn đã đặt hàng thành công. Vui lòng chờ nhân viên liên hệ.', 'OrderPlaced', true, NULL, '250405Q9M3Y6', '2025-04-05 15:59:45.447262+00', true);
INSERT INTO public.notifications (notificationid, userid, title, message, notificationtype, isread, customerid, orderid, createdat, ispushenabled) VALUES ('5080db35-5b4d-45cb-926c-94518ddc1674', '99505d8a-2682-4ed1-9b5f-962580ba72cb', 'Thông báo đặt hàng', 'Bạn đã đặt hàng thành công. Vui lòng chờ nhân viên liên hệ.', 'OrderPlaced', true, NULL, '250405P8Y6M2', '2025-04-05 09:27:03.443151+00', true);
INSERT INTO public.notifications (notificationid, userid, title, message, notificationtype, isread, customerid, orderid, createdat, ispushenabled) VALUES ('55fb4af6-e5a6-404f-a8c4-5b030c67bd1c', '99505d8a-2682-4ed1-9b5f-962580ba72cb', 'Xác nhận đơn hàng', 'Đơn hàng của bạn đã được xác nhận thành công.', 'OrderConfirmed', true, NULL, '250405P8Y6M2', '2025-04-05 09:29:20.299499+00', true);
INSERT INTO public.notifications (notificationid, userid, title, message, notificationtype, isread, customerid, orderid, createdat, ispushenabled) VALUES ('93eefb6c-9a0f-468e-a4e5-02f22a09f5c2', '99505d8a-2682-4ed1-9b5f-962580ba72cb', 'Thông báo đặt hàng', 'Bạn đã đặt hàng thành công. Vui lòng chờ nhân viên liên hệ.', 'OrderPlaced', true, NULL, '250405T4H9Q7', '2025-04-05 17:39:25.3562+00', true);
INSERT INTO public.notifications (notificationid, userid, title, message, notificationtype, isread, customerid, orderid, createdat, ispushenabled) VALUES ('371f4387-56dd-4197-a9b7-49cf31d8de84', '99505d8a-2682-4ed1-9b5f-962580ba72cb', 'Thông báo đặt hàng', 'Bạn đã đặt hàng thành công. Vui lòng chờ nhân viên liên hệ.', 'OrderPlaced', true, NULL, '250405N2K5W1', '2025-04-05 17:40:51.22943+00', true);
INSERT INTO public.notifications (notificationid, userid, title, message, notificationtype, isread, customerid, orderid, createdat, ispushenabled) VALUES ('37b60864-4074-46f7-94ee-e38142240bf0', '99505d8a-2682-4ed1-9b5f-962580ba72cb', 'Thông báo đặt hàng', 'Bạn đã đặt hàng thành công. Vui lòng chờ nhân viên liên hệ.', 'OrderPlaced', true, NULL, '250405W6P8T3', '2025-04-05 17:45:47.864014+00', true);
INSERT INTO public.notifications (notificationid, userid, title, message, notificationtype, isread, customerid, orderid, createdat, ispushenabled) VALUES ('6149b06f-8e78-42e5-9df7-11e429a39135', '99505d8a-2682-4ed1-9b5f-962580ba72cb', 'Thông báo đặt hàng', 'Bạn đã đặt hàng thành công. Vui lòng chờ nhân viên liên hệ.', 'OrderPlaced', true, NULL, '250405Y3K8P2', '2025-04-05 17:46:33.521652+00', true);
INSERT INTO public.notifications (notificationid, userid, title, message, notificationtype, isread, customerid, orderid, createdat, ispushenabled) VALUES ('ea3d2c53-c8b4-4388-9451-f68239d15f83', '99505d8a-2682-4ed1-9b5f-962580ba72cb', 'Thông báo đặt hàng', 'Bạn đã đặt hàng thành công. Vui lòng chờ nhân viên liên hệ.', 'OrderPlaced', true, NULL, '250405T6W2M9', '2025-04-05 17:49:19.226718+00', true);
INSERT INTO public.notifications (notificationid, userid, title, message, notificationtype, isread, customerid, orderid, createdat, ispushenabled) VALUES ('c38703c1-f412-493f-a1a8-d98d1b081e5f', '99505d8a-2682-4ed1-9b5f-962580ba72cb', 'Thông báo đặt hàng', 'Bạn đã đặt hàng thành công. Vui lòng chờ nhân viên liên hệ.', 'OrderPlaced', true, NULL, '250405P1N7H5', '2025-04-05 18:08:32.86877+00', true);
INSERT INTO public.notifications (notificationid, userid, title, message, notificationtype, isread, customerid, orderid, createdat, ispushenabled) VALUES ('49c7972d-ab1d-4181-8781-602a346e097d', '99505d8a-2682-4ed1-9b5f-962580ba72cb', 'Thông báo đặt hàng', 'Bạn đã đặt hàng thành công. Vui lòng chờ nhân viên liên hệ.', 'OrderPlaced', true, NULL, '250405K8Q3T9', '2025-04-05 18:09:20.228567+00', true);
INSERT INTO public.notifications (notificationid, userid, title, message, notificationtype, isread, customerid, orderid, createdat, ispushenabled) VALUES ('cb121c95-31c1-4ed9-a446-5a2eb2c774a9', '99505d8a-2682-4ed1-9b5f-962580ba72cb', 'Thông báo đặt hàng', 'Bạn đã đặt hàng thành công. Vui lòng chờ nhân viên liên hệ.', 'OrderPlaced', true, NULL, '250405M4Y6W2', '2025-04-05 18:15:47.97373+00', true);
INSERT INTO public.notifications (notificationid, userid, title, message, notificationtype, isread, customerid, orderid, createdat, ispushenabled) VALUES ('28e144cc-aee6-46cf-8d4b-1e90aefb3fcd', '99505d8a-2682-4ed1-9b5f-962580ba72cb', 'Thông báo đặt hàng', 'Bạn đã đặt hàng thành công. Vui lòng chờ nhân viên liên hệ.', 'OrderPlaced', true, NULL, '250405H9T2P7', '2025-04-05 18:17:08.83404+00', true);
INSERT INTO public.notifications (notificationid, userid, title, message, notificationtype, isread, customerid, orderid, createdat, ispushenabled) VALUES ('cbdc216a-3acc-420e-8541-7aa2df67e3b5', 'db1b8554-4614-4867-bf67-0fc1a51365b7', 'Xác nhận đơn hàng', 'Đơn hàng của bạn đã được xác nhận thành công.', 'OrderConfirmed', true, NULL, '250405Q9M3Y6', '2025-04-06 06:25:50.471894+00', true);
INSERT INTO public.notifications (notificationid, userid, title, message, notificationtype, isread, customerid, orderid, createdat, ispushenabled) VALUES ('3b04d986-329a-47b3-bd5f-0cb9bfb87cde', '99505d8a-2682-4ed1-9b5f-962580ba72cb', 'Hủy đơn hàng', 'Đơn hàng của bạn đã được hủy thành công.', 'OrderCanclled', true, NULL, 'a867c0e9-07d3-459e-a4f3-2a2ca5328ee6', '2025-04-06 12:25:37.485041+00', true);
INSERT INTO public.notifications (notificationid, userid, title, message, notificationtype, isread, customerid, orderid, createdat, ispushenabled) VALUES ('75c3f270-4c50-40f4-a0a1-6834c787eabf', 'db1b8554-4614-4867-bf67-0fc1a51365b7', 'Thông báo đặt hàng', 'Bạn đã đặt hàng thành công. Vui lòng chờ nhân viên liên hệ.', 'OrderPlaced', true, NULL, '250406W2P9T6', '2025-04-06 06:44:36.854599+00', true);
INSERT INTO public.notifications (notificationid, userid, title, message, notificationtype, isread, customerid, orderid, createdat, ispushenabled) VALUES ('6ffaec87-1235-4f9d-a826-8530e8755c18', 'db1b8554-4614-4867-bf67-0fc1a51365b7', 'Thông báo đặt hàng', 'Bạn đã đặt hàng thành công. Vui lòng chờ nhân viên liên hệ.', 'OrderPlaced', true, NULL, '250406N5K8Q3', '2025-04-06 07:01:48.417963+00', true);
INSERT INTO public.notifications (notificationid, userid, title, message, notificationtype, isread, customerid, orderid, createdat, ispushenabled) VALUES ('7c31f530-308e-43e9-86c1-15e5e815d0d1', 'db1b8554-4614-4867-bf67-0fc1a51365b7', 'Xác nhận đơn hàng', 'Đơn hàng của bạn đã được xác nhận thành công.', 'OrderConfirmed', true, NULL, '250406N5K8Q3', '2025-04-06 07:05:33.819283+00', true);
INSERT INTO public.notifications (notificationid, userid, title, message, notificationtype, isread, customerid, orderid, createdat, ispushenabled) VALUES ('02d87f93-341a-4f00-9fbc-e658777d460d', 'db1b8554-4614-4867-bf67-0fc1a51365b7', 'Hủy đơn hàng', 'Đơn hàng của bạn đã được hủy thành công.', 'OrderCanclled', false, NULL, 'bd054994-1be8-4ffc-8386-7908ee6378ec', '2025-04-06 12:16:58.545698+00', true);
INSERT INTO public.notifications (notificationid, userid, title, message, notificationtype, isread, customerid, orderid, createdat, ispushenabled) VALUES ('079e4756-a6bd-48a7-a57c-0d3bfc8b2e02', '99505d8a-2682-4ed1-9b5f-962580ba72cb', 'Thông báo đặt hàng', 'Bạn đã đặt hàng thành công. Vui lòng chờ nhân viên liên hệ.', 'OrderPlaced', true, NULL, '250406Y7M3H1', '2025-04-06 12:24:30.444795+00', true);
